slug_id,report_end_date
2006,01/30/2020
2006,01/23/2020
2006,01/16/2020
2006,01/09/2020
2006,02/27/2020
2006,02/20/2020
2006,02/13/2020
2006,02/06/2020
2006,03/26/2020
2006,03/19/2020
2006,03/12/2020
2006,03/05/2020
2006,04/30/2020
2006,04/23/2020
2006,04/16/2020
2006,04/09/2020
2006,04/02/2020
2006,05/28/2020
2006,05/21/2020
2006,05/14/2020
2006,05/07/2020
2006,06/25/2020
2006,06/18/2020
2006,06/11/2020
2006,06/04/2020
2006,07/30/2020
2006,07/23/2020
2006,07/16/2020
2006,07/09/2020
2006,08/27/2020
2006,08/20/2020
2006,08/13/2020
2006,08/06/2020
2006,09/24/2020
2006,09/17/2020
2006,09/10/2020
2006,09/03/2020
2006,10/29/2020
2006,10/22/2020
2006,10/15/2020
2006,10/08/2020
2006,10/01/2020
2006,11/19/2020
2006,11/12/2020
2006,11/05/2020
2006,12/17/2020
2006,12/10/2020
2006,12/03/2020
2006,01/30/2021
2006,01/23/2021
2006,01/16/2021
2006,01/09/2021
2006,02/27/2021
2006,02/20/2021
2006,02/13/2021
2006,02/06/2021
2006,03/27/2021
2006,03/20/2021
2006,03/13/2021
2006,03/06/2021
2006,04/24/2021
2006,04/17/2021
2006,04/10/2021
2006,04/03/2021
2006,05/29/2021
2006,05/22/2021
2006,05/15/2021
2006,05/08/2021
2006,05/01/2021
2006,06/26/2021
2006,06/19/2021
2006,06/12/2021
2006,06/05/2021
2006,07/31/2021
2006,07/24/2021
2006,07/17/2021
2006,07/03/2021
2006,08/28/2021
2006,08/21/2021
2006,08/14/2021
2006,08/07/2021
2006,09/25/2021
2006,09/18/2021
2006,09/11/2021
2006,09/04/2021
2006,10/30/2021
2006,10/23/2021
2006,10/16/2021
2006,10/09/2021
2006,10/02/2021
2006,11/20/2021
2006,11/13/2021
2006,11/06/2021
2006,12/18/2021
2006,12/11/2021
2006,12/04/2021
2006,01/29/2022
2006,01/22/2022
2006,01/15/2022
2006,01/08/2022
2006,02/26/2022
2006,02/19/2022
2006,02/12/2022
2006,02/05/2022
2006,03/26/2022
2006,03/19/2022
2006,03/12/2022
2006,03/05/2022
2006,04/30/2022
2006,04/23/2022
2006,04/16/2022
2006,04/09/2022
2006,04/02/2022
2006,05/28/2022
2006,05/21/2022
2006,05/14/2022
2006,05/07/2022
2006,06/25/2022
2006,06/18/2022
2006,06/11/2022
2006,06/04/2022
2006,07/30/2022
2006,07/23/2022
2006,07/16/2022
2006,07/02/2022
2006,08/27/2022
2006,08/20/2022
2006,08/13/2022
2006,08/06/2022
2006,09/24/2022
2006,09/17/2022
2006,09/10/2022
2006,09/03/2022
2006,10/22/2022
2006,10/15/2022
2006,10/08/2022
2006,10/01/2022
2006,11/19/2022
2006,11/12/2022
2006,11/05/2022
2006,12/24/2022
2006,12/17/2022
2006,12/10/2022
2006,12/03/2022
2006,01/28/2023
2006,01/21/2023
2006,01/14/2023
2006,01/07/2023
2006,02/25/2023
2006,02/18/2023
2006,02/11/2023
2006,02/04/2023
2006,03/25/2023
2006,03/18/2023
2006,03/11/2023
2006,03/04/2023
2006,04/29/2023
2006,04/22/2023
2006,04/15/2023
2006,04/08/2023
2006,04/01/2023
2006,05/27/2023
2006,05/20/2023
2006,05/13/2023
2006,05/06/2023
2006,06/24/2023
2006,06/17/2023
2006,06/10/2023
2006,06/03/2023
2006,07/29/2023
2006,07/22/2023
2006,07/15/2023
2006,07/01/2023
2006,08/26/2023
2006,08/19/2023
2006,08/12/2023
2006,08/05/2023
2006,09/30/2023
2006,09/23/2023
2006,09/16/2023
2006,09/09/2023
2006,09/02/2023
2006,10/28/2023
2006,10/21/2023
2006,10/14/2023
2006,10/07/2023
2006,11/18/2023
2006,11/11/2023
2006,11/04/2023
2006,12/23/2023
2006,12/16/2023
2006,12/09/2023
2006,12/02/2023
2006,01/27/2024
2006,01/20/2024
2006,01/13/2024
2006,02/24/2024
2006,02/17/2024
2006,02/10/2024
2006,02/03/2024
2006,03/16/2024
2006,03/09/2024
2006,03/02/2024
2056,01/30/2020
2056,01/23/2020
2056,01/16/2020
2056,01/09/2020
2056,02/27/2020
2056,02/20/2020
2056,02/13/2020
2056,02/06/2020
2056,03/26/2020
2056,03/19/2020
2056,03/12/2020
2056,03/05/2020
2056,04/30/2020
2056,04/23/2020
2056,04/16/2020
2056,04/09/2020
2056,04/02/2020
2056,05/28/2020
2056,05/21/2020
2056,05/14/2020
2056,05/07/2020
2056,06/25/2020
2056,06/18/2020
2056,06/11/2020
2056,06/04/2020
2056,07/30/2020
2056,07/23/2020
2056,07/16/2020
2056,07/09/2020
2056,07/02/2020
2056,08/27/2020
2056,08/20/2020
2056,08/13/2020
2056,08/06/2020
2056,09/24/2020
2056,09/17/2020
2056,09/10/2020
2056,09/03/2020
2056,10/29/2020
2056,10/22/2020
2056,10/15/2020
2056,10/08/2020
2056,10/01/2020
2056,11/19/2020
2056,11/12/2020
2056,11/05/2020
2056,12/17/2020
2056,12/10/2020
2056,12/03/2020
2056,01/30/2021
2056,01/23/2021
2056,01/16/2021
2056,01/09/2021
2056,02/27/2021
2056,02/20/2021
2056,02/13/2021
2056,02/06/2021
2056,03/27/2021
2056,03/20/2021
2056,03/13/2021
2056,03/06/2021
2056,04/24/2021
2056,04/17/2021
2056,04/10/2021
2056,04/03/2021
2056,05/29/2021
2056,05/22/2021
2056,05/15/2021
2056,05/08/2021
2056,05/01/2021
2056,06/26/2021
2056,06/19/2021
2056,06/12/2021
2056,06/05/2021
2056,07/31/2021
2056,07/24/2021
2056,07/17/2021
2056,07/10/2021
2056,07/03/2021
2056,08/28/2021
2056,08/21/2021
2056,08/14/2021
2056,08/07/2021
2056,09/25/2021
2056,09/18/2021
2056,09/11/2021
2056,09/04/2021
2056,10/30/2021
2056,10/23/2021
2056,10/16/2021
2056,10/09/2021
2056,10/02/2021
2056,11/20/2021
2056,11/13/2021
2056,11/06/2021
2056,12/18/2021
2056,12/11/2021
2056,12/04/2021
2056,01/29/2022
2056,01/22/2022
2056,01/15/2022
2056,01/08/2022
2056,02/26/2022
2056,02/19/2022
2056,02/12/2022
2056,02/05/2022
2056,03/26/2022
2056,03/19/2022
2056,03/12/2022
2056,03/05/2022
2056,04/30/2022
2056,04/23/2022
2056,04/16/2022
2056,04/09/2022
2056,04/02/2022
2056,05/28/2022
2056,05/21/2022
2056,05/14/2022
2056,05/07/2022
2056,06/25/2022
2056,06/18/2022
2056,06/11/2022
2056,06/04/2022
2056,07/30/2022
2056,07/23/2022
2056,07/16/2022
2056,07/09/2022
2056,07/02/2022
2056,08/27/2022
2056,08/20/2022
2056,08/13/2022
2056,08/06/2022
2056,09/24/2022
2056,09/17/2022
2056,09/10/2022
2056,09/03/2022
2056,10/29/2022
2056,10/22/2022
2056,10/15/2022
2056,10/08/2022
2056,10/01/2022
2056,11/19/2022
2056,11/12/2022
2056,11/05/2022
2056,12/17/2022
2056,12/10/2022
2056,12/03/2022
2056,01/28/2023
2056,01/21/2023
2056,01/14/2023
2056,01/07/2023
2056,02/25/2023
2056,02/18/2023
2056,02/11/2023
2056,02/04/2023
2056,03/25/2023
2056,03/18/2023
2056,03/11/2023
2056,03/04/2023
2056,04/29/2023
2056,04/22/2023
2056,04/15/2023
2056,04/08/2023
2056,04/01/2023
2056,05/27/2023
2056,05/20/2023
2056,05/13/2023
2056,05/06/2023
2056,06/24/2023
2056,06/17/2023
2056,06/10/2023
2056,06/03/2023
2056,07/29/2023
2056,07/22/2023
2056,07/15/2023
2056,07/08/2023
2056,07/01/2023
2056,08/26/2023
2056,08/19/2023
2056,08/12/2023
2056,08/05/2023
2056,09/30/2023
2056,09/23/2023
2056,09/16/2023
2056,09/09/2023
2056,09/02/2023
2056,10/28/2023
2056,10/21/2023
2056,10/14/2023
2056,10/07/2023
2056,11/25/2023
2056,11/18/2023
2056,11/11/2023
2056,11/04/2023
2056,12/23/2023
2056,12/16/2023
2056,12/09/2023
2056,12/02/2023
2056,01/27/2024
2056,01/20/2024
2056,01/13/2024
2056,01/06/2024
2056,02/24/2024
2056,02/17/2024
2056,02/10/2024
2056,02/03/2024
2056,03/09/2024
2056,03/02/2024
1907,01/30/2020
1907,01/23/2020
1907,01/16/2020
1907,01/09/2020
1907,02/27/2020
1907,02/20/2020
1907,02/13/2020
1907,02/06/2020
1907,03/26/2020
1907,03/19/2020
1907,03/12/2020
1907,03/05/2020
1907,04/30/2020
1907,04/23/2020
1907,04/16/2020
1907,04/09/2020
1907,04/02/2020
1907,05/28/2020
1907,05/21/2020
1907,05/14/2020
1907,05/07/2020
1907,06/25/2020
1907,06/18/2020
1907,06/11/2020
1907,06/04/2020
1907,07/30/2020
1907,07/23/2020
1907,07/16/2020
1907,07/09/2020
1907,07/02/2020
1907,08/27/2020
1907,08/20/2020
1907,08/13/2020
1907,08/06/2020
1907,09/24/2020
1907,09/17/2020
1907,09/10/2020
1907,09/03/2020
1907,10/29/2020
1907,10/22/2020
1907,10/15/2020
1907,10/08/2020
1907,10/01/2020
1907,11/26/2020
1907,11/19/2020
1907,11/12/2020
1907,11/05/2020
1907,12/17/2020
1907,12/10/2020
1907,12/03/2020
1907,01/30/2021
1907,01/23/2021
1907,01/16/2021
1907,01/09/2021
1907,02/27/2021
1907,02/20/2021
1907,02/13/2021
1907,02/06/2021
1907,03/27/2021
1907,03/20/2021
1907,03/13/2021
1907,03/06/2021
1907,04/24/2021
1907,04/17/2021
1907,04/10/2021
1907,04/03/2021
1907,05/29/2021
1907,05/22/2021
1907,05/15/2021
1907,05/08/2021
1907,05/01/2021
1907,06/26/2021
1907,06/19/2021
1907,06/12/2021
1907,06/05/2021
1907,07/31/2021
1907,07/24/2021
1907,07/17/2021
1907,07/10/2021
1907,07/03/2021
1907,08/28/2021
1907,08/21/2021
1907,08/14/2021
1907,08/07/2021
1907,09/25/2021
1907,09/18/2021
1907,09/11/2021
1907,09/04/2021
1907,10/30/2021
1907,10/23/2021
1907,10/16/2021
1907,10/09/2021
1907,10/02/2021
1907,11/27/2021
1907,11/20/2021
1907,11/13/2021
1907,11/06/2021
1907,12/25/2021
1907,12/18/2021
1907,12/11/2021
1907,12/04/2021
1907,01/29/2022
1907,01/22/2022
1907,01/15/2022
1907,01/08/2022
1907,01/01/2022
1907,02/26/2022
1907,02/19/2022
1907,02/12/2022
1907,02/05/2022
1907,03/26/2022
1907,03/19/2022
1907,03/12/2022
1907,03/05/2022
1907,04/30/2022
1907,04/23/2022
1907,04/16/2022
1907,04/09/2022
1907,04/02/2022
1907,05/28/2022
1907,05/21/2022
1907,05/14/2022
1907,05/07/2022
1907,06/25/2022
1907,06/18/2022
1907,06/11/2022
1907,06/04/2022
1907,07/30/2022
1907,07/23/2022
1907,07/16/2022
1907,07/09/2022
1907,07/02/2022
1907,08/27/2022
1907,08/20/2022
1907,08/13/2022
1907,08/06/2022
1907,09/24/2022
1907,09/17/2022
1907,09/10/2022
1907,09/03/2022
1907,10/29/2022
1907,10/22/2022
1907,10/15/2022
1907,10/08/2022
1907,10/01/2022
1907,11/26/2022
1907,11/19/2022
1907,11/12/2022
1907,11/05/2022
1907,12/31/2022
1907,12/24/2022
1907,12/17/2022
1907,12/10/2022
1907,12/03/2022
1907,01/28/2023
1907,01/21/2023
1907,01/14/2023
1907,01/07/2023
1907,02/25/2023
1907,02/18/2023
1907,02/11/2023
1907,02/04/2023
1907,03/25/2023
1907,03/18/2023
1907,03/11/2023
1907,03/04/2023
1907,04/29/2023
1907,04/22/2023
1907,04/15/2023
1907,04/08/2023
1907,04/01/2023
1907,05/27/2023
1907,05/20/2023
1907,05/13/2023
1907,05/06/2023
1907,06/24/2023
1907,06/17/2023
1907,06/10/2023
1907,06/03/2023
1907,07/29/2023
1907,07/22/2023
1907,07/15/2023
1907,07/08/2023
1907,07/01/2023
1907,08/26/2023
1907,08/19/2023
1907,08/12/2023
1907,08/05/2023
1907,09/30/2023
1907,09/23/2023
1907,09/16/2023
1907,09/09/2023
1907,09/02/2023
1907,10/28/2023
1907,10/21/2023
1907,10/14/2023
1907,10/07/2023
1907,11/25/2023
1907,11/18/2023
1907,11/11/2023
1907,11/04/2023
1907,12/30/2023
1907,12/23/2023
1907,12/16/2023
1907,12/09/2023
1907,12/02/2023
1907,01/27/2024
1907,01/20/2024
1907,01/13/2024
1907,01/06/2024
1907,02/24/2024
1907,02/17/2024
1907,02/10/2024
1907,02/03/2024
1907,03/09/2024
1907,03/02/2024
1704,01/30/2020
1704,01/23/2020
1704,01/16/2020
1704,01/09/2020
1704,02/27/2020
1704,02/20/2020
1704,02/13/2020
1704,02/06/2020
1704,03/26/2020
1704,03/19/2020
1704,03/12/2020
1704,03/05/2020
1704,04/30/2020
1704,04/23/2020
1704,04/16/2020
1704,04/09/2020
1704,04/02/2020
1704,05/28/2020
1704,05/21/2020
1704,05/14/2020
1704,05/07/2020
1704,06/25/2020
1704,06/18/2020
1704,06/11/2020
1704,06/04/2020
1704,07/30/2020
1704,07/23/2020
1704,07/16/2020
1704,07/09/2020
1704,08/27/2020
1704,08/20/2020
1704,08/13/2020
1704,08/06/2020
1704,09/24/2020
1704,09/17/2020
1704,09/10/2020
1704,09/03/2020
1704,10/29/2020
1704,10/22/2020
1704,10/15/2020
1704,10/08/2020
1704,10/01/2020
1704,11/19/2020
1704,11/12/2020
1704,11/05/2020
1704,12/17/2020
1704,12/10/2020
1704,12/03/2020
1704,01/30/2021
1704,01/23/2021
1704,01/16/2021
1704,01/09/2021
1704,02/27/2021
1704,02/20/2021
1704,02/13/2021
1704,02/06/2021
1704,03/27/2021
1704,03/20/2021
1704,03/13/2021
1704,03/06/2021
1704,04/24/2021
1704,04/17/2021
1704,04/10/2021
1704,04/03/2021
1704,05/29/2021
1704,05/22/2021
1704,05/15/2021
1704,05/08/2021
1704,05/01/2021
1704,06/26/2021
1704,06/19/2021
1704,06/12/2021
1704,06/05/2021
1704,07/31/2021
1704,07/24/2021
1704,07/17/2021
1704,07/10/2021
1704,08/28/2021
1704,08/21/2021
1704,08/14/2021
1704,08/07/2021
1704,09/25/2021
1704,09/18/2021
1704,09/11/2021
1704,09/04/2021
1704,10/30/2021
1704,10/23/2021
1704,10/16/2021
1704,10/09/2021
1704,10/02/2021
1704,11/20/2021
1704,11/13/2021
1704,11/06/2021
1704,12/18/2021
1704,12/11/2021
1704,12/04/2021
1704,01/29/2022
1704,01/22/2022
1704,01/15/2022
1704,01/08/2022
1704,02/26/2022
1704,02/19/2022
1704,02/12/2022
1704,02/05/2022
1704,03/26/2022
1704,03/19/2022
1704,03/12/2022
1704,03/05/2022
1704,04/30/2022
1704,04/23/2022
1704,04/16/2022
1704,04/09/2022
1704,04/02/2022
1704,05/28/2022
1704,05/21/2022
1704,05/14/2022
1704,05/07/2022
1704,06/25/2022
1704,06/18/2022
1704,06/11/2022
1704,06/04/2022
1704,07/30/2022
1704,07/23/2022
1704,07/16/2022
1704,07/02/2022
1704,08/27/2022
1704,08/20/2022
1704,08/13/2022
1704,08/06/2022
1704,09/24/2022
1704,09/17/2022
1704,09/10/2022
1704,09/03/2022
1704,10/29/2022
1704,10/22/2022
1704,10/15/2022
1704,10/08/2022
1704,10/01/2022
1704,11/19/2022
1704,11/12/2022
1704,11/05/2022
1704,12/24/2022
1704,12/17/2022
1704,12/10/2022
1704,12/03/2022
1704,01/28/2023
1704,01/21/2023
1704,01/14/2023
1704,01/07/2023
1704,02/25/2023
1704,02/18/2023
1704,02/11/2023
1704,02/04/2023
1704,03/25/2023
1704,03/18/2023
1704,03/11/2023
1704,03/04/2023
1704,04/29/2023
1704,04/22/2023
1704,04/15/2023
1704,04/08/2023
1704,04/01/2023
1704,05/27/2023
1704,05/20/2023
1704,05/13/2023
1704,05/06/2023
1704,06/24/2023
1704,06/17/2023
1704,06/10/2023
1704,06/03/2023
1704,07/29/2023
1704,07/22/2023
1704,07/15/2023
1704,07/01/2023
1704,08/26/2023
1704,08/19/2023
1704,08/12/2023
1704,08/05/2023
1704,09/30/2023
1704,09/23/2023
1704,09/16/2023
1704,09/09/2023
1704,09/02/2023
1704,10/28/2023
1704,10/21/2023
1704,10/14/2023
1704,10/07/2023
1704,11/18/2023
1704,11/11/2023
1704,11/04/2023
1704,12/23/2023
1704,12/16/2023
1704,12/09/2023
1704,12/02/2023
1704,01/27/2024
1704,01/20/2024
1704,01/13/2024
1704,01/06/2024
1704,02/24/2024
1704,02/17/2024
1704,02/10/2024
1704,02/03/2024
1704,03/16/2024
1704,03/09/2024
1704,03/02/2024
1933,01/30/2020
1933,01/23/2020
1933,01/16/2020
1933,01/09/2020
1933,02/27/2020
1933,02/20/2020
1933,02/13/2020
1933,02/06/2020
1933,03/26/2020
1933,03/19/2020
1933,03/12/2020
1933,03/05/2020
1933,04/30/2020
1933,04/23/2020
1933,04/16/2020
1933,04/09/2020
1933,04/02/2020
1933,05/28/2020
1933,05/21/2020
1933,05/14/2020
1933,05/07/2020
1933,06/25/2020
1933,06/18/2020
1933,06/11/2020
1933,06/04/2020
1933,07/30/2020
1933,07/23/2020
1933,07/16/2020
1933,07/09/2020
1933,08/27/2020
1933,08/20/2020
1933,08/13/2020
1933,08/06/2020
1933,09/24/2020
1933,09/17/2020
1933,09/10/2020
1933,09/03/2020
1933,10/29/2020
1933,10/22/2020
1933,10/15/2020
1933,10/08/2020
1933,10/01/2020
1933,11/19/2020
1933,11/12/2020
1933,11/05/2020
1933,12/17/2020
1933,12/10/2020
1933,12/03/2020
1933,01/30/2021
1933,01/23/2021
1933,01/16/2021
1933,01/09/2021
1933,02/27/2021
1933,02/20/2021
1933,02/13/2021
1933,02/06/2021
1933,03/27/2021
1933,03/20/2021
1933,03/13/2021
1933,03/06/2021
1933,04/24/2021
1933,04/17/2021
1933,04/10/2021
1933,04/03/2021
1933,05/29/2021
1933,05/22/2021
1933,05/15/2021
1933,05/08/2021
1933,05/01/2021
1933,06/26/2021
1933,06/19/2021
1933,06/12/2021
1933,06/05/2021
1933,07/31/2021
1933,07/24/2021
1933,07/17/2021
1933,07/10/2021
1933,07/03/2021
1933,08/28/2021
1933,08/21/2021
1933,08/14/2021
1933,08/07/2021
1933,09/25/2021
1933,09/18/2021
1933,09/11/2021
1933,09/04/2021
1933,10/30/2021
1933,10/23/2021
1933,10/16/2021
1933,10/09/2021
1933,10/02/2021
1933,11/20/2021
1933,11/13/2021
1933,11/06/2021
1933,12/18/2021
1933,12/11/2021
1933,12/04/2021
1933,01/29/2022
1933,01/22/2022
1933,01/15/2022
1933,01/08/2022
1933,02/26/2022
1933,02/19/2022
1933,02/12/2022
1933,02/05/2022
1933,03/26/2022
1933,03/19/2022
1933,03/12/2022
1933,03/05/2022
1933,04/30/2022
1933,04/23/2022
1933,04/16/2022
1933,04/09/2022
1933,04/02/2022
1933,05/28/2022
1933,05/21/2022
1933,05/14/2022
1933,05/07/2022
1933,06/25/2022
1933,06/18/2022
1933,06/11/2022
1933,06/04/2022
1933,07/30/2022
1933,07/23/2022
1933,07/16/2022
1933,07/02/2022
1933,08/27/2022
1933,08/20/2022
1933,08/13/2022
1933,08/06/2022
1933,09/24/2022
1933,09/17/2022
1933,09/10/2022
1933,09/03/2022
1933,10/29/2022
1933,10/22/2022
1933,10/15/2022
1933,10/08/2022
1933,10/01/2022
1933,11/19/2022
1933,11/12/2022
1933,11/05/2022
1933,12/24/2022
1933,12/17/2022
1933,12/10/2022
1933,12/03/2022
1933,01/28/2023
1933,01/21/2023
1933,01/14/2023
1933,01/07/2023
1933,02/25/2023
1933,02/18/2023
1933,02/11/2023
1933,02/04/2023
1933,03/25/2023
1933,03/18/2023
1933,03/11/2023
1933,03/04/2023
1933,04/29/2023
1933,04/22/2023
1933,04/15/2023
1933,04/08/2023
1933,04/01/2023
1933,05/27/2023
1933,05/20/2023
1933,05/13/2023
1933,05/06/2023
1933,06/24/2023
1933,06/17/2023
1933,06/10/2023
1933,06/03/2023
1933,07/29/2023
1933,07/22/2023
1933,07/15/2023
1933,07/01/2023
1933,08/26/2023
1933,08/19/2023
1933,08/12/2023
1933,08/05/2023
1933,09/30/2023
1933,09/23/2023
1933,09/16/2023
1933,09/09/2023
1933,09/02/2023
1933,10/28/2023
1933,10/21/2023
1933,10/14/2023
1933,10/07/2023
1933,11/18/2023
1933,11/11/2023
1933,11/04/2023
1933,12/23/2023
1933,12/16/2023
1933,12/09/2023
1933,12/02/2023
1933,01/27/2024
1933,01/20/2024
1933,01/13/2024
1933,01/06/2024
1933,02/24/2024
1933,02/17/2024
1933,02/10/2024
1933,02/03/2024
1933,03/16/2024
1933,03/09/2024
1933,03/02/2024
2041,01/30/2020
2041,01/23/2020
2041,01/16/2020
2041,01/09/2020
2041,01/02/2020
2041,02/27/2020
2041,02/20/2020
2041,02/13/2020
2041,02/06/2020
2041,03/26/2020
2041,03/19/2020
2041,03/12/2020
2041,03/05/2020
2041,04/30/2020
2041,04/23/2020
2041,04/16/2020
2041,04/09/2020
2041,04/02/2020
2041,05/28/2020
2041,05/21/2020
2041,05/14/2020
2041,05/07/2020
2041,06/25/2020
2041,06/18/2020
2041,06/11/2020
2041,06/04/2020
2041,07/30/2020
2041,07/23/2020
2041,07/16/2020
2041,07/09/2020
2041,07/02/2020
2041,08/27/2020
2041,08/20/2020
2041,08/13/2020
2041,08/06/2020
2041,09/24/2020
2041,09/17/2020
2041,09/10/2020
2041,09/03/2020
2041,10/29/2020
2041,10/22/2020
2041,10/15/2020
2041,10/08/2020
2041,10/01/2020
2041,11/26/2020
2041,11/19/2020
2041,11/12/2020
2041,11/05/2020
2041,12/24/2020
2041,12/17/2020
2041,12/10/2020
2041,12/03/2020
2041,01/30/2021
2041,01/23/2021
2041,01/16/2021
2041,01/09/2021
2041,01/02/2021
2041,02/27/2021
2041,02/20/2021
2041,02/13/2021
2041,02/06/2021
2041,03/20/2021
2041,03/13/2021
2041,03/06/2021
2041,04/24/2021
2041,04/17/2021
2041,04/10/2021
2041,04/03/2021
2041,05/29/2021
2041,05/22/2021
2041,05/15/2021
2041,05/08/2021
2041,05/01/2021
2041,06/26/2021
2041,06/19/2021
2041,06/12/2021
2041,06/05/2021
2041,07/31/2021
2041,07/24/2021
2041,07/17/2021
2041,07/10/2021
2041,07/03/2021
2041,08/28/2021
2041,08/21/2021
2041,08/14/2021
2041,08/07/2021
2041,09/25/2021
2041,09/18/2021
2041,09/11/2021
2041,09/04/2021
2041,10/30/2021
2041,10/23/2021
2041,10/16/2021
2041,10/09/2021
2041,10/02/2021
2041,11/27/2021
2041,11/20/2021
2041,11/13/2021
2041,11/06/2021
2041,12/18/2021
2041,12/11/2021
2041,12/04/2021
2041,01/29/2022
2041,01/22/2022
2041,01/15/2022
2041,01/08/2022
2041,01/01/2022
2041,02/26/2022
2041,02/19/2022
2041,02/12/2022
2041,02/05/2022
2041,03/26/2022
2041,03/19/2022
2041,03/12/2022
2041,03/05/2022
2041,04/30/2022
2041,04/23/2022
2041,04/16/2022
2041,04/09/2022
2041,04/02/2022
2041,05/28/2022
2041,05/21/2022
2041,05/14/2022
2041,05/07/2022
2041,06/25/2022
2041,06/18/2022
2041,06/11/2022
2041,06/04/2022
2041,07/30/2022
2041,07/23/2022
2041,07/16/2022
2041,07/09/2022
2041,07/02/2022
2041,08/27/2022
2041,08/20/2022
2041,08/13/2022
2041,08/06/2022
2041,09/24/2022
2041,09/17/2022
2041,09/10/2022
2041,09/03/2022
2041,10/29/2022
2041,10/22/2022
2041,10/15/2022
2041,10/08/2022
2041,10/01/2022
2041,11/26/2022
2041,11/19/2022
2041,11/12/2022
2041,11/05/2022
2041,12/31/2022
2041,12/24/2022
2041,12/17/2022
2041,12/10/2022
2041,12/03/2022
2041,01/28/2023
2041,01/21/2023
2041,01/14/2023
2041,01/07/2023
2041,02/25/2023
2041,02/18/2023
2041,02/11/2023
2041,02/04/2023
2041,03/25/2023
2041,03/18/2023
2041,03/11/2023
2041,03/04/2023
2041,04/29/2023
2041,04/22/2023
2041,04/15/2023
2041,04/08/2023
2041,04/01/2023
2041,05/27/2023
2041,05/20/2023
2041,05/13/2023
2041,05/06/2023
2041,06/24/2023
2041,06/17/2023
2041,06/10/2023
2041,06/03/2023
2041,07/29/2023
2041,07/22/2023
2041,07/15/2023
2041,07/01/2023
2041,08/26/2023
2041,08/19/2023
2041,08/12/2023
2041,08/05/2023
2041,09/30/2023
2041,09/23/2023
2041,09/16/2023
2041,09/09/2023
2041,09/02/2023
2041,10/28/2023
2041,10/21/2023
2041,10/14/2023
2041,10/07/2023
2041,11/18/2023
2041,11/11/2023
2041,11/04/2023
2041,12/30/2023
2041,12/23/2023
2041,12/16/2023
2041,12/09/2023
2041,01/27/2024
2041,01/20/2024
2041,01/13/2024
2041,01/06/2024
2041,02/24/2024
2041,02/17/2024
2041,02/10/2024
2041,02/03/2024
2041,03/09/2024
2041,03/02/2024
1976,01/30/2020
1976,01/23/2020
1976,01/16/2020
1976,01/09/2020
1976,02/27/2020
1976,02/20/2020
1976,02/13/2020
1976,02/06/2020
1976,03/19/2020
1976,03/12/2020
1976,03/05/2020
1976,07/30/2020
1976,07/23/2020
1976,07/16/2020
1976,07/09/2020
1976,08/27/2020
1976,08/20/2020
1976,08/13/2020
1976,08/06/2020
1976,09/24/2020
1976,09/17/2020
1976,09/10/2020
1976,09/03/2020
1976,10/29/2020
1976,10/22/2020
1976,10/15/2020
1976,10/08/2020
1976,10/01/2020
1976,11/26/2020
1976,11/19/2020
1976,11/05/2020
1976,12/17/2020
1976,12/10/2020
1976,12/03/2020
1976,01/30/2021
1976,01/23/2021
1976,01/16/2021
1976,01/09/2021
1976,02/27/2021
1976,02/20/2021
1976,02/13/2021
1976,02/06/2021
1976,03/27/2021
1976,03/20/2021
1976,03/13/2021
1976,03/06/2021
1976,04/24/2021
1976,04/17/2021
1976,04/10/2021
1976,04/03/2021
1976,05/29/2021
1976,05/22/2021
1976,05/15/2021
1976,05/08/2021
1976,05/01/2021
1976,06/26/2021
1976,06/19/2021
1976,06/12/2021
1976,06/05/2021
1976,07/31/2021
1976,07/24/2021
1976,07/17/2021
1976,07/10/2021
1976,07/03/2021
1976,08/21/2021
1976,08/14/2021
1976,08/07/2021
1976,09/25/2021
1976,09/18/2021
1976,09/11/2021
1976,10/30/2021
1976,10/23/2021
1976,10/16/2021
1976,10/09/2021
1976,10/02/2021
1976,11/27/2021
1976,11/20/2021
1976,11/13/2021
1976,11/06/2021
1976,12/25/2021
1976,12/18/2021
1976,12/11/2021
1976,12/04/2021
1976,01/29/2022
1976,01/22/2022
1976,01/15/2022
1976,01/08/2022
1976,01/01/2022
1976,02/26/2022
1976,02/19/2022
1976,02/12/2022
1976,02/05/2022
1976,03/26/2022
1976,03/19/2022
1976,03/12/2022
1976,03/05/2022
1976,04/30/2022
1976,04/23/2022
1976,04/16/2022
1976,04/09/2022
1976,04/02/2022
1976,05/28/2022
1976,05/21/2022
1976,05/14/2022
1976,05/07/2022
1976,06/25/2022
1976,06/18/2022
1976,06/11/2022
1976,06/04/2022
1976,07/30/2022
1976,07/23/2022
1976,07/16/2022
1976,07/09/2022
1976,07/02/2022
1976,08/27/2022
1976,08/20/2022
1976,08/13/2022
1976,08/06/2022
1976,09/24/2022
1976,09/17/2022
1976,09/10/2022
1976,09/03/2022
1976,10/29/2022
1976,10/22/2022
1976,10/15/2022
1976,10/08/2022
1976,10/01/2022
1976,11/26/2022
1976,11/19/2022
1976,11/12/2022
1976,11/05/2022
1976,12/31/2022
1976,12/24/2022
1976,12/17/2022
1976,12/10/2022
1976,12/03/2022
1976,01/28/2023
1976,01/21/2023
1976,01/14/2023
1976,01/07/2023
1976,02/25/2023
1976,02/18/2023
1976,02/11/2023
1976,02/04/2023
1976,03/25/2023
1976,03/18/2023
1976,03/11/2023
1976,03/04/2023
1976,04/29/2023
1976,04/22/2023
1976,04/15/2023
1976,04/08/2023
1976,04/01/2023
1976,05/27/2023
1976,05/20/2023
1976,05/13/2023
1976,05/06/2023
1976,06/24/2023
1976,06/17/2023
1976,06/10/2023
1976,06/03/2023
1976,07/29/2023
1976,07/22/2023
1976,07/15/2023
1976,07/08/2023
1976,07/01/2023
1976,08/26/2023
1976,08/19/2023
1976,08/12/2023
1976,08/05/2023
1976,09/30/2023
1976,09/23/2023
1976,09/16/2023
1976,09/09/2023
1976,09/02/2023
1976,10/28/2023
1976,10/21/2023
1976,10/14/2023
1976,10/07/2023
1976,11/25/2023
1976,11/18/2023
1976,11/11/2023
1976,11/04/2023
1976,12/23/2023
1976,12/16/2023
1976,12/09/2023
1976,12/02/2023
1976,01/27/2024
1976,01/20/2024
1976,01/13/2024
1976,01/06/2024
1976,02/24/2024
1976,02/17/2024
1976,02/10/2024
1976,02/03/2024
1976,03/09/2024
1976,03/02/2024
2167,01/30/2020
2167,01/23/2020
2167,01/16/2020
2167,01/09/2020
2167,01/02/2020
2167,02/27/2020
2167,02/20/2020
2167,02/13/2020
2167,02/06/2020
2167,03/26/2020
2167,03/19/2020
2167,03/12/2020
2167,03/05/2020
2167,04/30/2020
2167,04/23/2020
2167,04/16/2020
2167,04/09/2020
2167,04/02/2020
2167,05/28/2020
2167,05/21/2020
2167,05/14/2020
2167,05/07/2020
2167,06/25/2020
2167,06/18/2020
2167,06/11/2020
2167,06/04/2020
2167,07/30/2020
2167,07/23/2020
2167,07/16/2020
2167,07/09/2020
2167,07/02/2020
2167,08/27/2020
2167,08/20/2020
2167,08/13/2020
2167,08/06/2020
2167,09/24/2020
2167,09/17/2020
2167,09/10/2020
2167,09/03/2020
2167,10/29/2020
2167,10/22/2020
2167,10/15/2020
2167,10/08/2020
2167,10/01/2020
2167,11/26/2020
2167,11/19/2020
2167,11/12/2020
2167,11/05/2020
2167,12/24/2020
2167,12/17/2020
2167,12/10/2020
2167,12/03/2020
2167,01/30/2021
2167,01/23/2021
2167,01/16/2021
2167,01/09/2021
2167,01/02/2021
2167,02/27/2021
2167,02/20/2021
2167,02/13/2021
2167,02/06/2021
2167,03/27/2021
2167,03/20/2021
2167,03/13/2021
2167,03/06/2021
2167,04/24/2021
2167,04/17/2021
2167,04/10/2021
2167,04/03/2021
2167,05/29/2021
2167,05/22/2021
2167,05/15/2021
2167,05/08/2021
2167,05/01/2021
2167,06/26/2021
2167,06/19/2021
2167,06/12/2021
2167,06/05/2021
2167,07/31/2021
2167,07/24/2021
2167,07/17/2021
2167,07/10/2021
2167,07/03/2021
2167,08/28/2021
2167,08/21/2021
2167,08/14/2021
2167,08/07/2021
2167,09/25/2021
2167,09/18/2021
2167,09/11/2021
2167,09/04/2021
2167,10/30/2021
2167,10/23/2021
2167,10/16/2021
2167,10/09/2021
2167,10/02/2021
2167,11/27/2021
2167,11/20/2021
2167,11/13/2021
2167,11/06/2021
2167,12/25/2021
2167,12/18/2021
2167,12/11/2021
2167,12/04/2021
2167,01/29/2022
2167,01/22/2022
2167,01/15/2022
2167,01/08/2022
2167,01/01/2022
2167,02/26/2022
2167,02/19/2022
2167,02/12/2022
2167,02/05/2022
2167,03/26/2022
2167,03/19/2022
2167,03/12/2022
2167,03/05/2022
2167,04/30/2022
2167,04/23/2022
2167,04/16/2022
2167,04/09/2022
2167,04/02/2022
2167,05/28/2022
2167,05/21/2022
2167,05/14/2022
2167,05/07/2022
2167,06/25/2022
2167,06/18/2022
2167,06/11/2022
2167,06/04/2022
2167,07/30/2022
2167,07/23/2022
2167,07/16/2022
2167,07/09/2022
2167,07/02/2022
2167,08/27/2022
2167,08/20/2022
2167,08/13/2022
2167,08/06/2022
2167,09/24/2022
2167,09/17/2022
2167,09/10/2022
2167,09/03/2022
2167,10/29/2022
2167,10/22/2022
2167,10/15/2022
2167,10/08/2022
2167,10/01/2022
2167,11/26/2022
2167,11/19/2022
2167,11/12/2022
2167,11/05/2022
2167,12/31/2022
2167,12/24/2022
2167,12/17/2022
2167,12/10/2022
2167,12/03/2022
2167,01/28/2023
2167,01/21/2023
2167,01/14/2023
2167,01/07/2023
2167,02/25/2023
2167,02/18/2023
2167,02/11/2023
2167,02/04/2023
2167,03/25/2023
2167,03/18/2023
2167,03/11/2023
2167,03/04/2023
2167,04/29/2023
2167,04/22/2023
2167,04/15/2023
2167,04/08/2023
2167,04/01/2023
2167,05/27/2023
2167,05/20/2023
2167,05/13/2023
2167,05/06/2023
2167,06/24/2023
2167,06/17/2023
2167,06/10/2023
2167,06/03/2023
2167,07/29/2023
2167,07/22/2023
2167,07/15/2023
2167,07/08/2023
2167,07/01/2023
2167,08/26/2023
2167,08/19/2023
2167,08/12/2023
2167,08/05/2023
2167,09/30/2023
2167,09/23/2023
2167,09/16/2023
2167,09/09/2023
2167,09/02/2023
2167,10/28/2023
2167,10/21/2023
2167,10/14/2023
2167,10/07/2023
2167,11/25/2023
2167,11/18/2023
2167,11/11/2023
2167,11/04/2023
2167,12/30/2023
2167,12/23/2023
2167,12/16/2023
2167,12/09/2023
2167,12/02/2023
2167,01/27/2024
2167,01/20/2024
2167,01/13/2024
2167,01/06/2024
2167,02/24/2024
2167,02/17/2024
2167,02/10/2024
2167,02/03/2024
2167,03/09/2024
2167,03/02/2024
1895,01/30/2020
1895,01/23/2020
1895,01/16/2020
1895,01/09/2020
1895,01/02/2020
1895,02/27/2020
1895,02/20/2020
1895,02/13/2020
1895,02/06/2020
1895,03/26/2020
1895,03/19/2020
1895,03/12/2020
1895,03/05/2020
1895,04/30/2020
1895,04/23/2020
1895,04/16/2020
1895,04/09/2020
1895,04/02/2020
1895,05/28/2020
1895,05/21/2020
1895,05/14/2020
1895,05/07/2020
1895,06/25/2020
1895,06/18/2020
1895,06/11/2020
1895,06/04/2020
1895,07/30/2020
1895,07/23/2020
1895,07/16/2020
1895,07/09/2020
1895,07/02/2020
1895,08/27/2020
1895,08/20/2020
1895,08/13/2020
1895,08/06/2020
1895,09/24/2020
1895,09/17/2020
1895,09/10/2020
1895,09/03/2020
1895,10/29/2020
1895,10/22/2020
1895,10/15/2020
1895,10/08/2020
1895,10/01/2020
1895,11/26/2020
1895,11/19/2020
1895,11/12/2020
1895,11/05/2020
1895,12/17/2020
1895,12/10/2020
1895,12/03/2020
1895,01/30/2021
1895,01/23/2021
1895,01/16/2021
1895,01/09/2021
1895,01/02/2021
1895,02/27/2021
1895,02/20/2021
1895,02/13/2021
1895,02/06/2021
1895,03/27/2021
1895,03/20/2021
1895,03/13/2021
1895,03/06/2021
1895,04/24/2021
1895,04/17/2021
1895,04/10/2021
1895,04/03/2021
1895,05/29/2021
1895,05/22/2021
1895,05/15/2021
1895,05/08/2021
1895,05/01/2021
1895,06/26/2021
1895,06/19/2021
1895,06/12/2021
1895,06/05/2021
1895,07/31/2021
1895,07/24/2021
1895,07/17/2021
1895,07/10/2021
1895,07/03/2021
1895,08/28/2021
1895,08/21/2021
1895,08/14/2021
1895,08/07/2021
1895,09/25/2021
1895,09/18/2021
1895,09/11/2021
1895,09/04/2021
1895,10/30/2021
1895,10/23/2021
1895,10/16/2021
1895,10/09/2021
1895,10/02/2021
1895,11/27/2021
1895,11/20/2021
1895,11/13/2021
1895,11/06/2021
1895,12/25/2021
1895,12/18/2021
1895,12/11/2021
1895,12/04/2021
1895,01/29/2022
1895,01/22/2022
1895,01/15/2022
1895,01/08/2022
1895,02/26/2022
1895,02/19/2022
1895,02/12/2022
1895,02/05/2022
1895,03/26/2022
1895,03/19/2022
1895,03/12/2022
1895,03/05/2022
1895,04/30/2022
1895,04/23/2022
1895,04/16/2022
1895,04/09/2022
1895,04/02/2022
1895,05/28/2022
1895,05/21/2022
1895,05/14/2022
1895,05/07/2022
1895,06/25/2022
1895,06/18/2022
1895,06/11/2022
1895,06/04/2022
1895,07/30/2022
1895,07/23/2022
1895,07/16/2022
1895,07/09/2022
1895,08/27/2022
1895,08/20/2022
1895,08/13/2022
1895,08/06/2022
1895,09/24/2022
1895,09/17/2022
1895,09/10/2022
1895,09/03/2022
1895,10/29/2022
1895,10/22/2022
1895,10/15/2022
1895,10/08/2022
1895,10/01/2022
1895,11/26/2022
1895,11/19/2022
1895,11/12/2022
1895,11/05/2022
1895,12/24/2022
1895,12/17/2022
1895,12/10/2022
1895,12/03/2022
1895,01/28/2023
1895,01/21/2023
1895,01/14/2023
1895,01/07/2023
1895,02/25/2023
1895,02/18/2023
1895,02/11/2023
1895,02/04/2023
1895,03/25/2023
1895,03/18/2023
1895,03/11/2023
1895,03/04/2023
1895,04/29/2023
1895,04/22/2023
1895,04/15/2023
1895,04/08/2023
1895,04/01/2023
1895,05/27/2023
1895,05/20/2023
1895,05/13/2023
1895,05/06/2023
1895,06/24/2023
1895,06/17/2023
1895,06/10/2023
1895,06/03/2023
1895,07/29/2023
1895,07/22/2023
1895,07/15/2023
1895,08/26/2023
1895,08/19/2023
1895,08/12/2023
1895,08/05/2023
1895,09/30/2023
1895,09/23/2023
1895,09/16/2023
1895,09/09/2023
1895,09/02/2023
1895,10/28/2023
1895,10/21/2023
1895,10/14/2023
1895,10/07/2023
1895,11/25/2023
1895,11/18/2023
1895,11/11/2023
1895,11/04/2023
1895,12/23/2023
1895,12/16/2023
1895,12/09/2023
1895,12/02/2023
1895,01/27/2024
1895,01/20/2024
1895,01/13/2024
1895,01/06/2024
1895,02/24/2024
1895,02/17/2024
1895,02/10/2024
1895,02/03/2024
1895,03/09/2024
1895,03/02/2024
2193,01/30/2020
2193,01/23/2020
2193,01/16/2020
2193,01/09/2020
2193,02/27/2020
2193,02/20/2020
2193,02/13/2020
2193,02/06/2020
2193,03/26/2020
2193,03/19/2020
2193,03/12/2020
2193,03/05/2020
2193,05/28/2020
2193,05/21/2020
2193,05/14/2020
2193,05/07/2020
2193,06/25/2020
2193,06/18/2020
2193,06/11/2020
2193,06/04/2020
2193,07/30/2020
2193,07/23/2020
2193,07/16/2020
2193,07/09/2020
2193,07/02/2020
2193,08/27/2020
2193,08/20/2020
2193,08/13/2020
2193,08/06/2020
2193,09/24/2020
2193,09/17/2020
2193,09/10/2020
2193,09/03/2020
2193,10/29/2020
2193,10/22/2020
2193,10/15/2020
2193,10/08/2020
2193,10/01/2020
2193,11/26/2020
2193,11/19/2020
2193,11/12/2020
2193,11/05/2020
2193,12/17/2020
2193,12/10/2020
2193,12/03/2020
2193,01/30/2021
2193,01/23/2021
2193,01/16/2021
2193,01/09/2021
2193,02/27/2021
2193,02/20/2021
2193,02/13/2021
2193,02/06/2021
2193,03/27/2021
2193,03/20/2021
2193,03/13/2021
2193,03/06/2021
2193,04/24/2021
2193,04/17/2021
2193,04/10/2021
2193,04/03/2021
2193,05/29/2021
2193,05/22/2021
2193,05/15/2021
2193,05/08/2021
2193,05/01/2021
2193,06/26/2021
2193,06/19/2021
2193,06/12/2021
2193,06/05/2021
2193,07/31/2021
2193,07/24/2021
2193,07/17/2021
2193,07/10/2021
2193,07/03/2021
2193,08/28/2021
2193,08/21/2021
2193,08/14/2021
2193,08/07/2021
2193,09/25/2021
2193,09/18/2021
2193,09/11/2021
2193,09/04/2021
2193,10/30/2021
2193,10/23/2021
2193,10/16/2021
2193,10/09/2021
2193,10/02/2021
2193,11/27/2021
2193,11/20/2021
2193,11/13/2021
2193,11/06/2021
2193,12/25/2021
2193,12/18/2021
2193,12/11/2021
2193,12/04/2021
2193,01/29/2022
2193,01/22/2022
2193,01/15/2022
2193,01/08/2022
2193,02/26/2022
2193,02/19/2022
2193,02/12/2022
2193,02/05/2022
2193,03/26/2022
2193,03/19/2022
2193,03/12/2022
2193,03/05/2022
2193,04/30/2022
2193,04/23/2022
2193,04/16/2022
2193,04/09/2022
2193,04/02/2022
2193,05/28/2022
2193,05/21/2022
2193,05/14/2022
2193,05/07/2022
2193,06/25/2022
2193,06/18/2022
2193,06/11/2022
2193,06/04/2022
2193,07/30/2022
2193,07/23/2022
2193,07/16/2022
2193,07/09/2022
2193,07/02/2022
2193,08/27/2022
2193,08/20/2022
2193,08/13/2022
2193,08/06/2022
2193,09/24/2022
2193,09/17/2022
2193,09/10/2022
2193,09/03/2022
2193,10/29/2022
2193,10/22/2022
2193,10/15/2022
2193,10/08/2022
2193,10/01/2022
2193,11/26/2022
2193,11/19/2022
2193,11/12/2022
2193,11/05/2022
2193,12/31/2022
2193,12/24/2022
2193,12/17/2022
2193,12/10/2022
2193,12/03/2022
2193,01/28/2023
2193,01/21/2023
2193,01/14/2023
2193,01/07/2023
2193,02/25/2023
2193,02/18/2023
2193,02/11/2023
2193,02/04/2023
2193,03/25/2023
2193,03/18/2023
2193,03/11/2023
2193,03/04/2023
2193,04/29/2023
2193,04/22/2023
2193,04/15/2023
2193,04/08/2023
2193,04/01/2023
2193,05/27/2023
2193,05/20/2023
2193,05/13/2023
2193,05/06/2023
2193,06/24/2023
2193,06/17/2023
2193,06/10/2023
2193,06/03/2023
2193,07/29/2023
2193,07/22/2023
2193,07/15/2023
2193,07/08/2023
2193,07/01/2023
2193,08/26/2023
2193,08/19/2023
2193,08/12/2023
2193,08/05/2023
2193,09/30/2023
2193,09/23/2023
2193,09/16/2023
2193,09/09/2023
2193,09/02/2023
2193,10/28/2023
2193,10/21/2023
2193,10/14/2023
2193,10/07/2023
2193,11/25/2023
2193,11/18/2023
2193,11/11/2023
2193,11/04/2023
2193,12/23/2023
2193,12/16/2023
2193,12/09/2023
2193,12/02/2023
2193,01/27/2024
2193,01/20/2024
2193,01/13/2024
2193,01/06/2024
2193,02/24/2024
2193,02/17/2024
2193,02/10/2024
2193,02/03/2024
2193,03/09/2024
2193,03/02/2024
1821,01/30/2020
1821,01/23/2020
1821,01/16/2020
1821,01/09/2020
1821,01/02/2020
1821,02/27/2020
1821,02/20/2020
1821,02/13/2020
1821,02/06/2020
1821,03/26/2020
1821,03/19/2020
1821,03/12/2020
1821,03/05/2020
1821,04/30/2020
1821,04/23/2020
1821,04/16/2020
1821,04/09/2020
1821,04/02/2020
1821,05/28/2020
1821,05/21/2020
1821,05/14/2020
1821,05/07/2020
1821,06/25/2020
1821,06/18/2020
1821,06/11/2020
1821,06/04/2020
1821,07/30/2020
1821,07/23/2020
1821,07/16/2020
1821,07/09/2020
1821,07/02/2020
1821,08/27/2020
1821,08/20/2020
1821,08/13/2020
1821,08/06/2020
1821,09/24/2020
1821,09/17/2020
1821,09/10/2020
1821,09/03/2020
1821,10/29/2020
1821,10/22/2020
1821,10/15/2020
1821,10/08/2020
1821,10/01/2020
1821,11/26/2020
1821,11/19/2020
1821,11/12/2020
1821,11/05/2020
1821,12/24/2020
1821,12/17/2020
1821,12/10/2020
1821,12/03/2020
1821,01/30/2021
1821,01/23/2021
1821,01/16/2021
1821,01/09/2021
1821,01/02/2021
1821,02/27/2021
1821,02/20/2021
1821,02/13/2021
1821,02/06/2021
1821,03/27/2021
1821,03/20/2021
1821,03/13/2021
1821,03/06/2021
1821,04/24/2021
1821,04/17/2021
1821,04/10/2021
1821,04/03/2021
1821,05/29/2021
1821,05/22/2021
1821,05/15/2021
1821,05/08/2021
1821,05/01/2021
1821,06/26/2021
1821,06/19/2021
1821,06/12/2021
1821,06/05/2021
1821,07/31/2021
1821,07/24/2021
1821,07/17/2021
1821,07/10/2021
1821,07/03/2021
1821,08/28/2021
1821,08/21/2021
1821,08/14/2021
1821,08/07/2021
1821,09/25/2021
1821,09/18/2021
1821,09/11/2021
1821,09/04/2021
1821,10/30/2021
1821,10/23/2021
1821,10/16/2021
1821,10/09/2021
1821,10/02/2021
1821,11/27/2021
1821,11/20/2021
1821,11/13/2021
1821,11/06/2021
1821,12/25/2021
1821,12/18/2021
1821,12/11/2021
1821,12/04/2021
1821,01/29/2022
1821,01/22/2022
1821,01/15/2022
1821,01/08/2022
1821,01/01/2022
1821,02/26/2022
1821,02/19/2022
1821,02/12/2022
1821,02/05/2022
1821,03/26/2022
1821,03/19/2022
1821,03/12/2022
1821,03/05/2022
1821,04/30/2022
1821,04/23/2022
1821,04/16/2022
1821,04/09/2022
1821,04/02/2022
1821,05/28/2022
1821,05/21/2022
1821,05/14/2022
1821,05/07/2022
1821,06/25/2022
1821,06/18/2022
1821,06/11/2022
1821,06/04/2022
1821,07/30/2022
1821,07/23/2022
1821,07/16/2022
1821,07/09/2022
1821,07/02/2022
1821,08/27/2022
1821,08/20/2022
1821,08/13/2022
1821,08/06/2022
1821,09/24/2022
1821,09/17/2022
1821,09/10/2022
1821,09/03/2022
1821,10/29/2022
1821,10/22/2022
1821,10/15/2022
1821,10/08/2022
1821,10/01/2022
1821,11/26/2022
1821,11/19/2022
1821,11/12/2022
1821,11/05/2022
1821,12/24/2022
1821,12/17/2022
1821,12/10/2022
1821,12/03/2022
1821,01/28/2023
1821,01/21/2023
1821,01/14/2023
1821,01/07/2023
1821,02/25/2023
1821,02/18/2023
1821,02/11/2023
1821,02/04/2023
1821,03/25/2023
1821,03/18/2023
1821,03/11/2023
1821,03/04/2023
1821,04/29/2023
1821,04/22/2023
1821,04/15/2023
1821,04/08/2023
1821,04/01/2023
1821,05/27/2023
1821,05/20/2023
1821,05/13/2023
1821,05/06/2023
1821,06/24/2023
1821,06/17/2023
1821,06/10/2023
1821,06/03/2023
1821,07/29/2023
1821,07/22/2023
1821,07/15/2023
1821,07/01/2023
1821,08/26/2023
1821,08/19/2023
1821,08/12/2023
1821,08/05/2023
1821,09/30/2023
1821,09/23/2023
1821,09/16/2023
1821,09/09/2023
1821,09/02/2023
1821,10/28/2023
1821,10/21/2023
1821,10/14/2023
1821,10/07/2023
1821,11/25/2023
1821,11/18/2023
1821,11/11/2023
1821,11/04/2023
1821,12/23/2023
1821,12/16/2023
1821,12/09/2023
1821,12/02/2023
1821,01/27/2024
1821,01/20/2024
1821,01/13/2024
1821,01/06/2024
1821,02/24/2024
1821,02/17/2024
1821,02/10/2024
1821,02/03/2024
1821,03/09/2024
1821,03/02/2024
2111,01/29/2020
2111,01/28/2020
2111,01/27/2020
2111,01/22/2020
2111,01/21/2020
2111,01/20/2020
2111,01/15/2020
2111,01/14/2020
2111,01/13/2020
2111,01/08/2020
2111,01/07/2020
2111,01/06/2020
2111,02/26/2020
2111,02/25/2020
2111,02/24/2020
2111,02/19/2020
2111,02/18/2020
2111,02/17/2020
2111,02/12/2020
2111,02/11/2020
2111,02/10/2020
2111,02/05/2020
2111,02/04/2020
2111,02/03/2020
2111,03/31/2020
2111,03/30/2020
2111,03/25/2020
2111,03/24/2020
2111,03/23/2020
2111,03/18/2020
2111,03/17/2020
2111,03/16/2020
2111,03/11/2020
2111,03/10/2020
2111,03/09/2020
2111,03/04/2020
2111,03/03/2020
2111,03/02/2020
2111,04/29/2020
2111,04/28/2020
2111,04/27/2020
2111,04/22/2020
2111,04/21/2020
2111,04/20/2020
2111,04/15/2020
2111,04/14/2020
2111,04/13/2020
2111,04/08/2020
2111,04/07/2020
2111,04/06/2020
2111,04/01/2020
2111,05/27/2020
2111,05/26/2020
2111,05/25/2020
2111,05/20/2020
2111,05/19/2020
2111,05/18/2020
2111,05/13/2020
2111,05/12/2020
2111,05/11/2020
2111,05/06/2020
2111,05/05/2020
2111,05/04/2020
2111,06/29/2020
2111,06/24/2020
2111,06/23/2020
2111,06/22/2020
2111,06/17/2020
2111,06/16/2020
2111,06/15/2020
2111,06/10/2020
2111,06/09/2020
2111,06/08/2020
2111,06/03/2020
2111,06/02/2020
2111,06/01/2020
2111,07/29/2020
2111,07/28/2020
2111,07/27/2020
2111,07/22/2020
2111,07/21/2020
2111,07/20/2020
2111,07/15/2020
2111,07/14/2020
2111,07/13/2020
2111,07/08/2020
2111,07/07/2020
2111,07/06/2020
2111,08/31/2020
2111,08/26/2020
2111,08/25/2020
2111,08/24/2020
2111,08/19/2020
2111,08/18/2020
2111,08/17/2020
2111,08/12/2020
2111,08/11/2020
2111,08/10/2020
2111,08/05/2020
2111,08/04/2020
2111,08/03/2020
2111,09/30/2020
2111,09/29/2020
2111,09/28/2020
2111,09/23/2020
2111,09/22/2020
2111,09/21/2020
2111,09/16/2020
2111,09/15/2020
2111,09/14/2020
2111,09/09/2020
2111,09/08/2020
2111,09/07/2020
2111,09/02/2020
2111,09/01/2020
2111,10/28/2020
2111,10/27/2020
2111,10/26/2020
2111,10/21/2020
2111,10/20/2020
2111,10/19/2020
2111,10/14/2020
2111,10/13/2020
2111,10/12/2020
2111,10/07/2020
2111,10/06/2020
2111,10/05/2020
2111,11/30/2020
2111,11/23/2020
2111,11/18/2020
2111,11/17/2020
2111,11/16/2020
2111,11/11/2020
2111,11/10/2020
2111,11/09/2020
2111,11/04/2020
2111,11/03/2020
2111,11/02/2020
2111,12/21/2020
2111,12/16/2020
2111,12/15/2020
2111,12/14/2020
2111,12/09/2020
2111,12/08/2020
2111,12/07/2020
2111,12/02/2020
2111,12/01/2020
2111,01/27/2021
2111,01/26/2021
2111,01/25/2021
2111,01/20/2021
2111,01/19/2021
2111,01/18/2021
2111,01/13/2021
2111,01/12/2021
2111,01/11/2021
2111,01/06/2021
2111,01/05/2021
2111,01/04/2021
2111,02/24/2021
2111,02/23/2021
2111,02/22/2021
2111,02/17/2021
2111,02/16/2021
2111,02/15/2021
2111,02/10/2021
2111,02/09/2021
2111,02/08/2021
2111,02/03/2021
2111,02/02/2021
2111,02/01/2021
2111,03/31/2021
2111,03/30/2021
2111,03/29/2021
2111,03/24/2021
2111,03/23/2021
2111,03/22/2021
2111,03/17/2021
2111,03/16/2021
2111,03/15/2021
2111,03/10/2021
2111,03/09/2021
2111,03/08/2021
2111,03/03/2021
2111,03/02/2021
2111,03/01/2021
2111,04/28/2021
2111,04/27/2021
2111,04/26/2021
2111,04/21/2021
2111,04/20/2021
2111,04/19/2021
2111,04/14/2021
2111,04/13/2021
2111,04/12/2021
2111,04/07/2021
2111,04/06/2021
2111,04/05/2021
2111,05/31/2021
2111,05/26/2021
2111,05/25/2021
2111,05/24/2021
2111,05/19/2021
2111,05/18/2021
2111,05/17/2021
2111,05/12/2021
2111,05/11/2021
2111,05/10/2021
2111,05/05/2021
2111,05/04/2021
2111,05/03/2021
2111,06/30/2021
2111,06/29/2021
2111,06/28/2021
2111,06/23/2021
2111,06/22/2021
2111,06/21/2021
2111,06/16/2021
2111,06/15/2021
2111,06/14/2021
2111,06/09/2021
2111,06/08/2021
2111,06/07/2021
2111,06/02/2021
2111,06/01/2021
2111,07/28/2021
2111,07/27/2021
2111,07/26/2021
2111,07/21/2021
2111,07/20/2021
2111,07/19/2021
2111,07/14/2021
2111,07/13/2021
2111,07/12/2021
2111,07/06/2021
2111,08/31/2021
2111,08/30/2021
2111,08/25/2021
2111,08/24/2021
2111,08/23/2021
2111,08/18/2021
2111,08/17/2021
2111,08/16/2021
2111,08/11/2021
2111,08/10/2021
2111,08/09/2021
2111,08/04/2021
2111,08/03/2021
2111,08/02/2021
2111,09/29/2021
2111,09/28/2021
2111,09/27/2021
2111,09/22/2021
2111,09/21/2021
2111,09/20/2021
2111,09/15/2021
2111,09/14/2021
2111,09/13/2021
2111,09/08/2021
2111,09/07/2021
2111,09/06/2021
2111,09/01/2021
2111,10/27/2021
2111,10/26/2021
2111,10/25/2021
2111,10/20/2021
2111,10/19/2021
2111,10/18/2021
2111,10/13/2021
2111,10/12/2021
2111,10/11/2021
2111,10/06/2021
2111,10/05/2021
2111,10/04/2021
2111,11/30/2021
2111,11/29/2021
2111,11/22/2021
2111,11/17/2021
2111,11/16/2021
2111,11/15/2021
2111,11/10/2021
2111,11/09/2021
2111,11/08/2021
2111,11/03/2021
2111,11/02/2021
2111,11/01/2021
2111,12/20/2021
2111,12/15/2021
2111,12/14/2021
2111,12/13/2021
2111,12/08/2021
2111,12/07/2021
2111,12/06/2021
2111,12/01/2021
2111,01/31/2022
2111,01/26/2022
2111,01/25/2022
2111,01/24/2022
2111,01/19/2022
2111,01/18/2022
2111,01/17/2022
2111,01/12/2022
2111,01/11/2022
2111,01/10/2022
2111,01/05/2022
2111,01/04/2022
2111,01/03/2022
2111,02/28/2022
2111,02/23/2022
2111,02/22/2022
2111,02/21/2022
2111,02/16/2022
2111,02/15/2022
2111,02/14/2022
2111,02/09/2022
2111,02/08/2022
2111,02/07/2022
2111,02/02/2022
2111,02/01/2022
2111,03/30/2022
2111,03/29/2022
2111,03/28/2022
2111,03/23/2022
2111,03/22/2022
2111,03/21/2022
2111,03/16/2022
2111,03/15/2022
2111,03/14/2022
2111,03/09/2022
2111,03/08/2022
2111,03/07/2022
2111,03/02/2022
2111,03/01/2022
2111,04/27/2022
2111,04/26/2022
2111,04/25/2022
2111,04/20/2022
2111,04/19/2022
2111,04/18/2022
2111,04/13/2022
2111,04/12/2022
2111,04/11/2022
2111,04/06/2022
2111,04/05/2022
2111,04/04/2022
2111,05/31/2022
2111,05/30/2022
2111,05/25/2022
2111,05/24/2022
2111,05/23/2022
2111,05/18/2022
2111,05/17/2022
2111,05/16/2022
2111,05/11/2022
2111,05/10/2022
2111,05/09/2022
2111,05/04/2022
2111,05/03/2022
2111,05/02/2022
2111,06/29/2022
2111,06/28/2022
2111,06/27/2022
2111,06/22/2022
2111,06/21/2022
2111,06/20/2022
2111,06/15/2022
2111,06/14/2022
2111,06/13/2022
2111,06/08/2022
2111,06/07/2022
2111,06/06/2022
2111,06/01/2022
2111,07/27/2022
2111,07/26/2022
2111,07/25/2022
2111,07/20/2022
2111,07/19/2022
2111,07/18/2022
2111,07/13/2022
2111,07/12/2022
2111,07/11/2022
2111,07/05/2022
2111,08/31/2022
2111,08/30/2022
2111,08/29/2022
2111,08/24/2022
2111,08/23/2022
2111,08/22/2022
2111,08/17/2022
2111,08/16/2022
2111,08/15/2022
2111,08/10/2022
2111,08/09/2022
2111,08/08/2022
2111,08/03/2022
2111,08/02/2022
2111,08/01/2022
2111,09/28/2022
2111,09/27/2022
2111,09/26/2022
2111,09/21/2022
2111,09/20/2022
2111,09/19/2022
2111,09/14/2022
2111,09/13/2022
2111,09/12/2022
2111,09/07/2022
2111,09/06/2022
2111,09/05/2022
2111,10/31/2022
2111,10/26/2022
2111,10/25/2022
2111,10/24/2022
2111,10/19/2022
2111,10/18/2022
2111,10/17/2022
2111,10/12/2022
2111,10/11/2022
2111,10/10/2022
2111,10/05/2022
2111,10/04/2022
2111,10/03/2022
2111,11/30/2022
2111,11/29/2022
2111,11/28/2022
2111,11/21/2022
2111,11/16/2022
2111,11/15/2022
2111,11/14/2022
2111,11/09/2022
2111,11/08/2022
2111,11/07/2022
2111,11/02/2022
2111,11/01/2022
2111,12/27/2022
2111,12/21/2022
2111,12/20/2022
2111,12/19/2022
2111,12/14/2022
2111,12/13/2022
2111,12/12/2022
2111,12/07/2022
2111,12/06/2022
2111,12/05/2022
2111,01/31/2023
2111,01/30/2023
2111,01/25/2023
2111,01/24/2023
2111,01/23/2023
2111,01/18/2023
2111,01/17/2023
2111,01/16/2023
2111,01/11/2023
2111,01/10/2023
2111,01/09/2023
2111,02/28/2023
2111,02/27/2023
2111,02/22/2023
2111,02/21/2023
2111,02/20/2023
2111,02/15/2023
2111,02/14/2023
2111,02/13/2023
2111,02/08/2023
2111,02/07/2023
2111,02/06/2023
2111,02/01/2023
2111,03/29/2023
2111,03/28/2023
2111,03/27/2023
2111,03/22/2023
2111,03/21/2023
2111,03/20/2023
2111,03/15/2023
2111,03/14/2023
2111,03/13/2023
2111,03/08/2023
2111,03/07/2023
2111,03/06/2023
2111,03/01/2023
2111,04/26/2023
2111,04/25/2023
2111,04/24/2023
2111,04/19/2023
2111,04/18/2023
2111,04/17/2023
2111,04/12/2023
2111,04/11/2023
2111,04/10/2023
2111,04/05/2023
2111,04/04/2023
2111,04/03/2023
2111,05/31/2023
2111,05/30/2023
2111,05/29/2023
2111,05/24/2023
2111,05/23/2023
2111,05/22/2023
2111,05/17/2023
2111,05/16/2023
2111,05/15/2023
2111,05/10/2023
2111,05/09/2023
2111,05/08/2023
2111,05/03/2023
2111,05/02/2023
2111,05/01/2023
2111,06/28/2023
2111,06/27/2023
2111,06/26/2023
2111,06/21/2023
2111,06/20/2023
2111,06/19/2023
2111,06/14/2023
2111,06/13/2023
2111,06/12/2023
2111,06/07/2023
2111,06/06/2023
2111,06/05/2023
2111,07/31/2023
2111,07/26/2023
2111,07/25/2023
2111,07/24/2023
2111,07/19/2023
2111,07/18/2023
2111,07/17/2023
2111,07/12/2023
2111,07/11/2023
2111,07/10/2023
2111,07/04/2023
2111,08/30/2023
2111,08/29/2023
2111,08/28/2023
2111,08/23/2023
2111,08/22/2023
2111,08/21/2023
2111,08/16/2023
2111,08/15/2023
2111,08/14/2023
2111,08/09/2023
2111,08/08/2023
2111,08/07/2023
2111,08/02/2023
2111,08/01/2023
2111,09/27/2023
2111,09/26/2023
2111,09/25/2023
2111,09/20/2023
2111,09/19/2023
2111,09/18/2023
2111,09/13/2023
2111,09/12/2023
2111,09/11/2023
2111,09/06/2023
2111,09/05/2023
2111,09/04/2023
2111,10/31/2023
2111,10/30/2023
2111,10/25/2023
2111,10/24/2023
2111,10/23/2023
2111,10/18/2023
2111,10/17/2023
2111,10/16/2023
2111,10/11/2023
2111,10/10/2023
2111,10/09/2023
2111,10/04/2023
2111,10/03/2023
2111,10/02/2023
2111,11/29/2023
2111,11/28/2023
2111,11/27/2023
2111,11/15/2023
2111,11/14/2023
2111,11/13/2023
2111,11/08/2023
2111,11/07/2023
2111,11/06/2023
2111,11/01/2023
2111,12/26/2023
2111,12/20/2023
2111,12/19/2023
2111,12/18/2023
2111,12/13/2023
2111,12/12/2023
2111,12/11/2023
2111,12/06/2023
2111,12/05/2023
2111,12/04/2023
2111,01/31/2024
2111,01/30/2024
2111,01/29/2024
2111,01/24/2024
2111,01/23/2024
2111,01/22/2024
2111,01/17/2024
2111,01/16/2024
2111,01/15/2024
2111,01/10/2024
2111,01/09/2024
2111,01/08/2024
2111,02/28/2024
2111,02/27/2024
2111,02/26/2024
2111,02/21/2024
2111,02/20/2024
2111,02/19/2024
2111,02/14/2024
2111,02/13/2024
2111,02/12/2024
2111,02/07/2024
2111,02/06/2024
2111,02/05/2024
2111,03/13/2024
2111,03/12/2024
2111,03/11/2024
2111,03/06/2024
2111,03/05/2024
2111,03/04/2024
1778,01/30/2020
1778,01/23/2020
1778,01/16/2020
1778,01/09/2020
1778,02/27/2020
1778,02/20/2020
1778,02/13/2020
1778,02/06/2020
1778,03/26/2020
1778,03/19/2020
1778,03/12/2020
1778,03/05/2020
1778,04/30/2020
1778,04/23/2020
1778,04/16/2020
1778,04/09/2020
1778,04/02/2020
1778,05/21/2020
1778,05/14/2020
1778,05/07/2020
1778,06/25/2020
1778,06/18/2020
1778,06/11/2020
1778,06/04/2020
1778,08/27/2020
1778,08/13/2020
1778,09/24/2020
1778,09/17/2020
1778,09/10/2020
1778,09/03/2020
1778,10/29/2020
1778,10/22/2020
1778,10/15/2020
1778,10/08/2020
1778,10/01/2020
1778,11/26/2020
1778,11/19/2020
1778,11/12/2020
1778,11/05/2020
1778,12/17/2020
1778,12/10/2020
1778,12/03/2020
1778,01/30/2021
1778,01/23/2021
1778,01/16/2021
1778,01/09/2021
1778,02/27/2021
1778,02/20/2021
1778,02/13/2021
1778,02/06/2021
1778,03/27/2021
1778,03/20/2021
1778,03/13/2021
1778,03/06/2021
1778,04/24/2021
1778,04/17/2021
1778,04/10/2021
1778,04/03/2021
1778,05/29/2021
1778,05/22/2021
1778,05/15/2021
1778,05/08/2021
1778,05/01/2021
1778,06/26/2021
1778,06/19/2021
1778,06/12/2021
1778,07/31/2021
1778,07/24/2021
1778,07/17/2021
1778,07/03/2021
1778,08/28/2021
1778,08/21/2021
1778,08/14/2021
1778,08/07/2021
1778,09/25/2021
1778,09/18/2021
1778,09/11/2021
1778,09/04/2021
1778,10/30/2021
1778,10/23/2021
1778,10/16/2021
1778,10/09/2021
1778,10/02/2021
1778,11/27/2021
1778,11/20/2021
1778,11/13/2021
1778,11/06/2021
1778,12/18/2021
1778,12/11/2021
1778,12/04/2021
1778,01/29/2022
1778,01/22/2022
1778,01/15/2022
1778,01/08/2022
1778,02/26/2022
1778,02/19/2022
1778,02/12/2022
1778,02/05/2022
1778,03/26/2022
1778,03/19/2022
1778,03/12/2022
1778,03/05/2022
1778,04/30/2022
1778,04/23/2022
1778,04/16/2022
1778,04/09/2022
1778,04/02/2022
1778,05/28/2022
1778,05/21/2022
1778,05/14/2022
1778,05/07/2022
1778,06/25/2022
1778,06/18/2022
1778,06/11/2022
1778,06/04/2022
1778,07/30/2022
1778,07/23/2022
1778,07/16/2022
1778,07/09/2022
1778,07/02/2022
1778,08/27/2022
1778,08/20/2022
1778,08/13/2022
1778,08/06/2022
1778,09/24/2022
1778,09/17/2022
1778,09/10/2022
1778,09/03/2022
1778,10/29/2022
1778,10/22/2022
1778,10/15/2022
1778,10/08/2022
1778,10/01/2022
1778,11/26/2022
1778,11/19/2022
1778,11/12/2022
1778,11/05/2022
1778,12/17/2022
1778,12/10/2022
1778,12/03/2022
1778,01/28/2023
1778,01/21/2023
1778,01/14/2023
1778,01/07/2023
1778,02/25/2023
1778,02/18/2023
1778,02/11/2023
1778,02/04/2023
1778,03/25/2023
1778,03/18/2023
1778,03/11/2023
1778,03/04/2023
1778,04/29/2023
1778,04/22/2023
1778,04/15/2023
1778,04/08/2023
1778,04/01/2023
1778,05/27/2023
1778,05/20/2023
1778,05/13/2023
1778,05/06/2023
1778,06/24/2023
1778,06/17/2023
1778,06/10/2023
1778,06/03/2023
1778,07/29/2023
1778,07/22/2023
1778,07/15/2023
1778,07/08/2023
1778,07/01/2023
1778,08/26/2023
1778,08/19/2023
1778,08/12/2023
1778,08/05/2023
1778,09/30/2023
1778,09/23/2023
1778,09/16/2023
1778,09/09/2023
1778,09/02/2023
1778,10/28/2023
1778,10/21/2023
1778,10/14/2023
1778,10/07/2023
1778,11/25/2023
1778,11/18/2023
1778,11/11/2023
1778,11/04/2023
1778,12/23/2023
1778,12/16/2023
1778,12/09/2023
1778,12/02/2023
1778,01/27/2024
1778,01/20/2024
1778,01/13/2024
1778,01/06/2024
1778,02/24/2024
1778,02/17/2024
1778,02/10/2024
1778,02/03/2024
1778,03/09/2024
1778,03/02/2024
1860,01/30/2020
1860,01/23/2020
1860,01/16/2020
1860,01/09/2020
1860,01/02/2020
1860,02/27/2020
1860,02/20/2020
1860,02/13/2020
1860,02/06/2020
1860,03/26/2020
1860,03/19/2020
1860,03/12/2020
1860,03/05/2020
1860,04/30/2020
1860,04/23/2020
1860,04/16/2020
1860,04/09/2020
1860,04/02/2020
1860,05/28/2020
1860,05/21/2020
1860,05/14/2020
1860,05/07/2020
1860,06/25/2020
1860,06/18/2020
1860,06/11/2020
1860,06/04/2020
1860,07/30/2020
1860,07/23/2020
1860,07/16/2020
1860,07/09/2020
1860,07/02/2020
1860,08/27/2020
1860,08/20/2020
1860,08/13/2020
1860,08/06/2020
1860,09/24/2020
1860,09/17/2020
1860,09/10/2020
1860,09/03/2020
1860,10/29/2020
1860,10/22/2020
1860,10/15/2020
1860,10/08/2020
1860,10/01/2020
1860,11/26/2020
1860,11/19/2020
1860,11/12/2020
1860,11/05/2020
1860,12/24/2020
1860,12/17/2020
1860,12/10/2020
1860,12/03/2020
1860,01/30/2021
1860,01/23/2021
1860,01/16/2021
1860,01/09/2021
1860,01/02/2021
1860,02/27/2021
1860,02/20/2021
1860,02/13/2021
1860,02/06/2021
1860,03/27/2021
1860,03/20/2021
1860,03/13/2021
1860,03/06/2021
1860,04/24/2021
1860,04/17/2021
1860,04/10/2021
1860,04/03/2021
1860,06/26/2021
1860,06/19/2021
1860,06/12/2021
1860,06/05/2021
1860,07/31/2021
1860,07/24/2021
1860,07/17/2021
1860,07/10/2021
1860,07/03/2021
1860,08/28/2021
1860,08/21/2021
1860,08/14/2021
1860,08/07/2021
1860,09/25/2021
1860,09/18/2021
1860,09/11/2021
1860,09/04/2021
1860,10/30/2021
1860,10/23/2021
1860,10/16/2021
1860,10/09/2021
1860,10/02/2021
1860,11/27/2021
1860,11/20/2021
1860,11/13/2021
1860,11/06/2021
1860,12/25/2021
1860,12/18/2021
1860,12/11/2021
1860,12/04/2021
1860,01/29/2022
1860,01/22/2022
1860,01/15/2022
1860,01/08/2022
1860,01/01/2022
1860,02/26/2022
1860,02/19/2022
1860,02/12/2022
1860,02/05/2022
1860,03/26/2022
1860,03/19/2022
1860,03/12/2022
1860,03/05/2022
1860,04/30/2022
1860,04/23/2022
1860,04/16/2022
1860,04/09/2022
1860,04/02/2022
1860,05/28/2022
1860,05/21/2022
1860,05/14/2022
1860,05/07/2022
1860,06/25/2022
1860,06/18/2022
1860,06/11/2022
1860,06/04/2022
1860,07/30/2022
1860,07/23/2022
1860,07/16/2022
1860,07/09/2022
1860,07/02/2022
1860,08/27/2022
1860,08/20/2022
1860,08/13/2022
1860,08/06/2022
1860,09/24/2022
1860,09/17/2022
1860,09/10/2022
1860,09/03/2022
1860,10/29/2022
1860,10/22/2022
1860,10/15/2022
1860,10/08/2022
1860,10/01/2022
1860,11/26/2022
1860,11/19/2022
1860,11/12/2022
1860,11/05/2022
1860,12/31/2022
1860,12/24/2022
1860,12/17/2022
1860,12/10/2022
1860,12/03/2022
1860,01/28/2023
1860,01/21/2023
1860,01/14/2023
1860,01/07/2023
1860,02/25/2023
1860,02/18/2023
1860,02/11/2023
1860,02/04/2023
1860,03/25/2023
1860,03/18/2023
1860,03/11/2023
1860,03/04/2023
1860,04/29/2023
1860,04/22/2023
1860,04/15/2023
1860,04/08/2023
1860,04/01/2023
1860,05/27/2023
1860,05/20/2023
1860,05/13/2023
1860,05/06/2023
1860,06/24/2023
1860,06/17/2023
1860,06/10/2023
1860,06/03/2023
1860,07/29/2023
1860,07/22/2023
1860,07/15/2023
1860,07/08/2023
1860,07/01/2023
1860,08/26/2023
1860,08/19/2023
1860,08/12/2023
1860,08/05/2023
1860,09/30/2023
1860,09/23/2023
1860,09/16/2023
1860,09/09/2023
1860,09/02/2023
1860,10/28/2023
1860,10/21/2023
1860,10/14/2023
1860,10/07/2023
1860,11/25/2023
1860,11/18/2023
1860,11/11/2023
1860,11/04/2023
1860,12/30/2023
1860,12/23/2023
1860,12/16/2023
1860,12/09/2023
1860,12/02/2023
1860,01/27/2024
1860,01/20/2024
1860,01/13/2024
1860,01/06/2024
1860,02/24/2024
1860,02/17/2024
1860,02/10/2024
1860,02/03/2024
1860,03/09/2024
1860,03/02/2024
1784,01/30/2020
1784,01/23/2020
1784,01/16/2020
1784,01/09/2020
1784,02/27/2020
1784,02/20/2020
1784,02/13/2020
1784,02/06/2020
1784,03/26/2020
1784,03/19/2020
1784,03/12/2020
1784,03/05/2020
1784,04/30/2020
1784,04/23/2020
1784,04/16/2020
1784,04/09/2020
1784,04/02/2020
1784,05/28/2020
1784,05/21/2020
1784,05/14/2020
1784,05/07/2020
1784,06/25/2020
1784,06/18/2020
1784,06/11/2020
1784,06/04/2020
1784,07/30/2020
1784,07/23/2020
1784,07/16/2020
1784,07/09/2020
1784,07/02/2020
1784,08/27/2020
1784,08/20/2020
1784,08/13/2020
1784,08/06/2020
1784,09/24/2020
1784,09/17/2020
1784,09/10/2020
1784,09/03/2020
1784,10/29/2020
1784,10/22/2020
1784,10/15/2020
1784,10/08/2020
1784,10/01/2020
1784,11/26/2020
1784,11/19/2020
1784,11/12/2020
1784,11/05/2020
1784,12/17/2020
1784,12/10/2020
1784,12/03/2020
1784,01/30/2021
1784,01/23/2021
1784,01/16/2021
1784,01/09/2021
1784,02/27/2021
1784,02/20/2021
1784,02/13/2021
1784,02/06/2021
1784,03/27/2021
1784,03/20/2021
1784,03/13/2021
1784,03/06/2021
1784,04/24/2021
1784,04/17/2021
1784,04/10/2021
1784,04/03/2021
1784,05/29/2021
1784,05/22/2021
1784,05/15/2021
1784,05/08/2021
1784,05/01/2021
1784,06/26/2021
1784,06/19/2021
1784,06/12/2021
1784,06/05/2021
1784,07/31/2021
1784,07/24/2021
1784,07/17/2021
1784,07/10/2021
1784,07/03/2021
1784,08/28/2021
1784,08/21/2021
1784,08/14/2021
1784,08/07/2021
1784,09/25/2021
1784,09/18/2021
1784,09/11/2021
1784,09/04/2021
1784,10/30/2021
1784,10/23/2021
1784,10/16/2021
1784,10/09/2021
1784,10/02/2021
1784,11/27/2021
1784,11/20/2021
1784,11/13/2021
1784,11/06/2021
1784,12/25/2021
1784,12/18/2021
1784,12/11/2021
1784,12/04/2021
1784,01/29/2022
1784,01/22/2022
1784,01/15/2022
1784,01/08/2022
1784,02/26/2022
1784,02/19/2022
1784,02/12/2022
1784,02/05/2022
1784,03/26/2022
1784,03/19/2022
1784,03/12/2022
1784,03/05/2022
1784,04/30/2022
1784,04/23/2022
1784,04/16/2022
1784,04/09/2022
1784,04/02/2022
1784,05/28/2022
1784,05/21/2022
1784,05/14/2022
1784,05/07/2022
1784,06/25/2022
1784,06/18/2022
1784,06/11/2022
1784,06/04/2022
1784,07/30/2022
1784,07/23/2022
1784,07/16/2022
1784,07/09/2022
1784,07/02/2022
1784,08/27/2022
1784,08/20/2022
1784,08/13/2022
1784,08/06/2022
1784,09/24/2022
1784,09/17/2022
1784,09/10/2022
1784,09/03/2022
1784,10/29/2022
1784,10/22/2022
1784,10/15/2022
1784,10/08/2022
1784,10/01/2022
1784,11/26/2022
1784,11/19/2022
1784,11/12/2022
1784,11/05/2022
1784,12/17/2022
1784,12/10/2022
1784,12/03/2022
1784,01/28/2023
1784,01/21/2023
1784,01/14/2023
1784,01/07/2023
1784,02/25/2023
1784,02/18/2023
1784,02/11/2023
1784,02/04/2023
1784,03/25/2023
1784,03/18/2023
1784,03/11/2023
1784,03/04/2023
1784,04/29/2023
1784,04/22/2023
1784,04/15/2023
1784,04/08/2023
1784,04/01/2023
1784,05/27/2023
1784,05/20/2023
1784,05/13/2023
1784,05/06/2023
1784,06/24/2023
1784,06/17/2023
1784,06/10/2023
1784,06/03/2023
1784,07/29/2023
1784,07/22/2023
1784,07/15/2023
1784,07/08/2023
1784,07/01/2023
1784,08/26/2023
1784,08/19/2023
1784,08/12/2023
1784,08/05/2023
1784,09/30/2023
1784,09/23/2023
1784,09/16/2023
1784,09/09/2023
1784,09/02/2023
1784,10/28/2023
1784,10/21/2023
1784,10/14/2023
1784,10/07/2023
1784,11/25/2023
1784,11/18/2023
1784,11/11/2023
1784,11/04/2023
1784,12/23/2023
1784,12/16/2023
1784,12/09/2023
1784,12/02/2023
1784,01/27/2024
1784,01/20/2024
1784,01/13/2024
1784,01/06/2024
1784,02/24/2024
1784,02/17/2024
1784,02/10/2024
1784,02/03/2024
1784,03/09/2024
1784,03/02/2024
2091,01/30/2020
2091,01/23/2020
2091,01/16/2020
2091,01/09/2020
2091,01/02/2020
2091,02/27/2020
2091,02/20/2020
2091,02/13/2020
2091,02/06/2020
2091,03/26/2020
2091,03/19/2020
2091,03/12/2020
2091,03/05/2020
2091,04/30/2020
2091,04/23/2020
2091,04/16/2020
2091,04/09/2020
2091,04/02/2020
2091,05/28/2020
2091,05/21/2020
2091,05/14/2020
2091,05/07/2020
2091,06/25/2020
2091,06/18/2020
2091,06/11/2020
2091,06/04/2020
2091,07/30/2020
2091,07/23/2020
2091,07/16/2020
2091,07/09/2020
2091,07/02/2020
2091,08/27/2020
2091,08/20/2020
2091,08/13/2020
2091,08/06/2020
2091,09/24/2020
2091,09/17/2020
2091,09/10/2020
2091,09/03/2020
2091,10/29/2020
2091,10/22/2020
2091,10/15/2020
2091,10/08/2020
2091,10/01/2020
2091,11/26/2020
2091,11/19/2020
2091,11/12/2020
2091,11/05/2020
2091,12/24/2020
2091,12/17/2020
2091,12/10/2020
2091,12/03/2020
2091,01/30/2021
2091,01/23/2021
2091,01/16/2021
2091,01/09/2021
2091,02/27/2021
2091,02/20/2021
2091,02/13/2021
2091,02/06/2021
2091,03/27/2021
2091,03/20/2021
2091,03/13/2021
2091,03/06/2021
2091,04/24/2021
2091,04/17/2021
2091,04/10/2021
2091,04/03/2021
2091,05/29/2021
2091,05/22/2021
2091,05/15/2021
2091,05/08/2021
2091,05/01/2021
2091,06/26/2021
2091,06/19/2021
2091,06/12/2021
2091,06/05/2021
2091,07/31/2021
2091,07/24/2021
2091,07/17/2021
2091,07/10/2021
2091,07/03/2021
2091,08/28/2021
2091,08/21/2021
2091,08/14/2021
2091,08/07/2021
2091,09/25/2021
2091,09/18/2021
2091,09/11/2021
2091,09/04/2021
2091,10/30/2021
2091,10/23/2021
2091,10/16/2021
2091,10/09/2021
2091,10/02/2021
2091,11/20/2021
2091,11/13/2021
2091,11/06/2021
2091,12/18/2021
2091,12/11/2021
2091,12/04/2021
2091,01/29/2022
2091,01/22/2022
2091,01/15/2022
2091,01/08/2022
2091,02/26/2022
2091,02/19/2022
2091,02/12/2022
2091,02/05/2022
2091,03/26/2022
2091,03/19/2022
2091,03/12/2022
2091,03/05/2022
2091,04/30/2022
2091,04/23/2022
2091,04/16/2022
2091,04/09/2022
2091,04/02/2022
2091,05/28/2022
2091,05/21/2022
2091,05/14/2022
2091,05/07/2022
2091,06/25/2022
2091,06/18/2022
2091,06/11/2022
2091,06/04/2022
2091,07/30/2022
2091,07/23/2022
2091,07/16/2022
2091,07/09/2022
2091,07/02/2022
2091,08/27/2022
2091,08/20/2022
2091,08/13/2022
2091,08/06/2022
2091,09/24/2022
2091,09/17/2022
2091,09/10/2022
2091,09/03/2022
2091,10/29/2022
2091,10/22/2022
2091,10/15/2022
2091,10/08/2022
2091,10/01/2022
2091,11/26/2022
2091,11/19/2022
2091,11/12/2022
2091,11/05/2022
2091,12/31/2022
2091,12/24/2022
2091,12/17/2022
2091,12/10/2022
2091,12/03/2022
2091,01/28/2023
2091,01/21/2023
2091,01/14/2023
2091,01/07/2023
2091,02/25/2023
2091,02/18/2023
2091,02/11/2023
2091,02/04/2023
2091,03/25/2023
2091,03/18/2023
2091,03/11/2023
2091,03/04/2023
2091,04/29/2023
2091,04/22/2023
2091,04/15/2023
2091,04/08/2023
2091,04/01/2023
2091,05/27/2023
2091,05/20/2023
2091,05/13/2023
2091,05/06/2023
2091,06/24/2023
2091,06/17/2023
2091,06/10/2023
2091,06/03/2023
2091,07/29/2023
2091,07/22/2023
2091,07/15/2023
2091,07/08/2023
2091,07/01/2023
2091,08/26/2023
2091,08/19/2023
2091,08/12/2023
2091,08/05/2023
2091,09/30/2023
2091,09/23/2023
2091,09/16/2023
2091,09/09/2023
2091,09/02/2023
2091,10/28/2023
2091,10/21/2023
2091,10/14/2023
2091,10/07/2023
2091,11/25/2023
2091,11/18/2023
2091,11/11/2023
2091,11/04/2023
2091,12/23/2023
2091,12/16/2023
2091,12/09/2023
2091,12/02/2023
2091,01/27/2024
2091,01/20/2024
2091,01/13/2024
2091,01/06/2024
2091,02/24/2024
2091,02/17/2024
2091,02/10/2024
2091,02/03/2024
2091,03/09/2024
2091,03/02/2024
2100,01/30/2020
2100,01/23/2020
2100,01/16/2020
2100,01/09/2020
2100,01/02/2020
2100,02/27/2020
2100,02/20/2020
2100,02/13/2020
2100,02/06/2020
2100,03/26/2020
2100,03/19/2020
2100,03/12/2020
2100,03/05/2020
2100,04/30/2020
2100,04/23/2020
2100,04/16/2020
2100,04/09/2020
2100,04/02/2020
2100,05/28/2020
2100,05/21/2020
2100,05/14/2020
2100,05/07/2020
2100,09/24/2020
2100,09/17/2020
2100,09/10/2020
2100,10/29/2020
2100,10/22/2020
2100,10/15/2020
2100,10/08/2020
2100,10/01/2020
2100,11/19/2020
2100,11/12/2020
2100,11/05/2020
2100,12/17/2020
2100,12/10/2020
2100,12/03/2020
2100,01/30/2021
2100,01/23/2021
2100,01/16/2021
2100,01/09/2021
2100,02/27/2021
2100,02/20/2021
2100,02/13/2021
2100,02/06/2021
2100,03/27/2021
2100,03/20/2021
2100,03/13/2021
2100,03/06/2021
2100,04/24/2021
2100,04/17/2021
2100,04/10/2021
2100,04/03/2021
2100,05/29/2021
2100,05/22/2021
2100,05/15/2021
2100,05/08/2021
2100,05/01/2021
2100,06/26/2021
2100,06/19/2021
2100,06/12/2021
2100,06/05/2021
2100,07/31/2021
2100,07/24/2021
2100,07/17/2021
2100,07/10/2021
2100,07/03/2021
2100,08/28/2021
2100,08/21/2021
2100,08/14/2021
2100,08/07/2021
2100,09/25/2021
2100,09/18/2021
2100,09/04/2021
2100,10/30/2021
2100,10/23/2021
2100,10/16/2021
2100,10/09/2021
2100,10/02/2021
2100,11/27/2021
2100,11/20/2021
2100,11/13/2021
2100,11/06/2021
2100,12/18/2021
2100,12/11/2021
2100,12/04/2021
2100,01/29/2022
2100,01/22/2022
2100,01/15/2022
2100,01/08/2022
2100,02/26/2022
2100,02/19/2022
2100,02/12/2022
2100,02/05/2022
2100,03/26/2022
2100,03/19/2022
2100,03/12/2022
2100,03/05/2022
2100,04/30/2022
2100,04/23/2022
2100,04/16/2022
2100,04/09/2022
2100,04/02/2022
2100,05/28/2022
2100,05/21/2022
2100,05/14/2022
2100,05/07/2022
2100,09/24/2022
2100,09/17/2022
2100,10/29/2022
2100,10/22/2022
2100,10/15/2022
2100,10/08/2022
2100,10/01/2022
2100,11/19/2022
2100,11/12/2022
2100,11/05/2022
2100,12/10/2022
2100,12/03/2022
2100,01/28/2023
2100,01/21/2023
2100,01/14/2023
2100,01/07/2023
2100,02/25/2023
2100,02/18/2023
2100,02/11/2023
2100,02/04/2023
2100,03/25/2023
2100,03/18/2023
2100,03/11/2023
2100,03/04/2023
2100,04/29/2023
2100,04/22/2023
2100,04/15/2023
2100,04/08/2023
2100,04/01/2023
2100,05/27/2023
2100,05/20/2023
2100,05/13/2023
2100,05/06/2023
2100,06/24/2023
2100,06/10/2023
2100,06/03/2023
2100,09/30/2023
2100,09/23/2023
2100,09/16/2023
2100,09/09/2023
2100,09/02/2023
2100,10/28/2023
2100,10/21/2023
2100,10/14/2023
2100,10/07/2023
2100,11/25/2023
2100,11/18/2023
2100,11/11/2023
2100,11/04/2023
2100,12/23/2023
2100,12/16/2023
2100,12/09/2023
2100,12/02/2023
2100,01/27/2024
2100,01/20/2024
2100,01/13/2024
2100,01/06/2024
2100,02/24/2024
2100,02/17/2024
2100,02/10/2024
2100,02/03/2024
2100,03/09/2024
2100,03/02/2024
1831,01/30/2020
1831,01/23/2020
1831,01/16/2020
1831,01/09/2020
1831,02/27/2020
1831,02/20/2020
1831,02/13/2020
1831,02/06/2020
1831,03/26/2020
1831,03/19/2020
1831,03/12/2020
1831,03/05/2020
1831,04/30/2020
1831,04/23/2020
1831,04/16/2020
1831,04/09/2020
1831,04/02/2020
1831,05/28/2020
1831,05/21/2020
1831,05/14/2020
1831,05/07/2020
1831,06/25/2020
1831,06/18/2020
1831,06/11/2020
1831,06/04/2020
1831,07/30/2020
1831,07/23/2020
1831,07/16/2020
1831,07/09/2020
1831,07/02/2020
1831,08/27/2020
1831,08/20/2020
1831,08/13/2020
1831,08/06/2020
1831,09/24/2020
1831,09/17/2020
1831,09/10/2020
1831,09/03/2020
1831,10/29/2020
1831,10/22/2020
1831,10/15/2020
1831,10/08/2020
1831,10/01/2020
1831,11/26/2020
1831,11/19/2020
1831,11/12/2020
1831,11/05/2020
1831,12/17/2020
1831,12/10/2020
1831,12/03/2020
1831,01/30/2021
1831,01/23/2021
1831,01/16/2021
1831,01/09/2021
1831,02/27/2021
1831,02/20/2021
1831,02/13/2021
1831,02/06/2021
1831,03/27/2021
1831,03/20/2021
1831,03/13/2021
1831,03/06/2021
1831,04/24/2021
1831,04/17/2021
1831,04/10/2021
1831,04/03/2021
1831,05/29/2021
1831,05/22/2021
1831,05/15/2021
1831,05/08/2021
1831,05/01/2021
1831,06/26/2021
1831,06/19/2021
1831,06/12/2021
1831,06/05/2021
1831,07/31/2021
1831,07/24/2021
1831,07/17/2021
1831,07/10/2021
1831,07/03/2021
1831,08/28/2021
1831,08/21/2021
1831,08/14/2021
1831,08/07/2021
1831,09/25/2021
1831,09/18/2021
1831,09/11/2021
1831,09/04/2021
1831,10/30/2021
1831,10/23/2021
1831,10/16/2021
1831,10/09/2021
1831,10/02/2021
1831,11/27/2021
1831,11/20/2021
1831,11/13/2021
1831,11/06/2021
1831,12/18/2021
1831,12/11/2021
1831,12/04/2021
1831,01/29/2022
1831,01/22/2022
1831,01/15/2022
1831,01/08/2022
1831,02/26/2022
1831,02/19/2022
1831,02/12/2022
1831,02/05/2022
1831,03/26/2022
1831,03/19/2022
1831,03/12/2022
1831,03/05/2022
1831,04/30/2022
1831,04/23/2022
1831,04/16/2022
1831,04/09/2022
1831,04/02/2022
1831,05/28/2022
1831,05/21/2022
1831,05/14/2022
1831,05/07/2022
1831,06/25/2022
1831,06/18/2022
1831,06/11/2022
1831,06/04/2022
1831,07/30/2022
1831,07/23/2022
1831,07/16/2022
1831,07/09/2022
1831,07/02/2022
1831,08/27/2022
1831,08/20/2022
1831,08/13/2022
1831,08/06/2022
1831,09/24/2022
1831,09/17/2022
1831,09/10/2022
1831,09/03/2022
1831,10/29/2022
1831,10/22/2022
1831,10/15/2022
1831,10/08/2022
1831,10/01/2022
1831,11/19/2022
1831,11/12/2022
1831,11/05/2022
1831,12/17/2022
1831,12/10/2022
1831,12/03/2022
1831,01/28/2023
1831,01/21/2023
1831,01/14/2023
1831,01/07/2023
1831,02/25/2023
1831,02/18/2023
1831,02/11/2023
1831,02/04/2023
1831,03/25/2023
1831,03/18/2023
1831,03/11/2023
1831,03/04/2023
1831,04/29/2023
1831,04/22/2023
1831,04/15/2023
1831,04/08/2023
1831,04/01/2023
1831,05/27/2023
1831,05/20/2023
1831,05/13/2023
1831,05/06/2023
1831,06/24/2023
1831,06/17/2023
1831,06/10/2023
1831,06/03/2023
1831,07/29/2023
1831,07/22/2023
1831,07/15/2023
1831,07/01/2023
1831,08/26/2023
1831,08/19/2023
1831,08/12/2023
1831,08/05/2023
1831,09/30/2023
1831,09/23/2023
1831,09/16/2023
1831,09/09/2023
1831,09/02/2023
1831,10/28/2023
1831,10/21/2023
1831,10/14/2023
1831,10/07/2023
1831,11/25/2023
1831,11/18/2023
1831,11/11/2023
1831,11/04/2023
1831,12/23/2023
1831,12/16/2023
1831,12/09/2023
1831,12/02/2023
1831,01/27/2024
1831,01/20/2024
1831,01/13/2024
1831,02/24/2024
1831,02/17/2024
1831,02/10/2024
1831,02/03/2024
1831,03/16/2024
1831,03/09/2024
1831,03/02/2024
1919,01/30/2020
1919,01/23/2020
1919,01/16/2020
1919,01/09/2020
1919,01/02/2020
1919,02/27/2020
1919,02/20/2020
1919,02/13/2020
1919,02/06/2020
1919,03/26/2020
1919,03/19/2020
1919,03/12/2020
1919,03/05/2020
1919,04/30/2020
1919,04/23/2020
1919,04/16/2020
1919,04/09/2020
1919,04/02/2020
1919,05/28/2020
1919,05/21/2020
1919,05/14/2020
1919,05/07/2020
1919,06/25/2020
1919,06/18/2020
1919,06/11/2020
1919,06/04/2020
1919,07/30/2020
1919,07/23/2020
1919,07/16/2020
1919,07/09/2020
1919,07/02/2020
1919,08/27/2020
1919,08/20/2020
1919,08/13/2020
1919,08/06/2020
1919,09/24/2020
1919,09/17/2020
1919,09/10/2020
1919,09/03/2020
1919,10/29/2020
1919,10/22/2020
1919,10/15/2020
1919,10/08/2020
1919,10/01/2020
1919,11/26/2020
1919,11/19/2020
1919,11/12/2020
1919,11/05/2020
1919,12/24/2020
1919,12/17/2020
1919,12/10/2020
1919,12/03/2020
1919,01/30/2021
1919,01/23/2021
1919,01/16/2021
1919,01/09/2021
1919,01/02/2021
1919,02/27/2021
1919,02/20/2021
1919,02/13/2021
1919,02/06/2021
1919,03/27/2021
1919,03/20/2021
1919,03/13/2021
1919,03/06/2021
1919,04/24/2021
1919,04/17/2021
1919,04/10/2021
1919,04/03/2021
1919,05/29/2021
1919,05/22/2021
1919,05/15/2021
1919,05/08/2021
1919,05/01/2021
1919,06/26/2021
1919,06/19/2021
1919,06/12/2021
1919,06/05/2021
1919,07/31/2021
1919,07/24/2021
1919,07/17/2021
1919,07/10/2021
1919,07/03/2021
1919,08/28/2021
1919,08/21/2021
1919,08/14/2021
1919,08/07/2021
1919,09/25/2021
1919,09/18/2021
1919,09/11/2021
1919,09/04/2021
1919,10/30/2021
1919,10/23/2021
1919,10/16/2021
1919,10/09/2021
1919,10/02/2021
1919,11/27/2021
1919,11/20/2021
1919,11/13/2021
1919,11/06/2021
1919,12/25/2021
1919,12/18/2021
1919,12/11/2021
1919,12/04/2021
1919,01/29/2022
1919,01/22/2022
1919,01/15/2022
1919,01/08/2022
1919,01/01/2022
1919,02/26/2022
1919,02/19/2022
1919,02/12/2022
1919,02/05/2022
1919,03/26/2022
1919,03/19/2022
1919,03/12/2022
1919,03/05/2022
1919,04/30/2022
1919,04/23/2022
1919,04/16/2022
1919,04/09/2022
1919,04/02/2022
1919,05/28/2022
1919,05/21/2022
1919,05/14/2022
1919,05/07/2022
1919,06/25/2022
1919,06/18/2022
1919,06/11/2022
1919,06/04/2022
1919,07/30/2022
1919,07/23/2022
1919,07/16/2022
1919,07/09/2022
1919,07/02/2022
1919,08/27/2022
1919,08/20/2022
1919,08/13/2022
1919,08/06/2022
1919,09/24/2022
1919,09/17/2022
1919,09/10/2022
1919,09/03/2022
1919,10/29/2022
1919,10/22/2022
1919,10/15/2022
1919,10/08/2022
1919,10/01/2022
1919,11/26/2022
1919,11/19/2022
1919,11/12/2022
1919,11/05/2022
1919,12/31/2022
1919,12/24/2022
1919,12/17/2022
1919,12/10/2022
1919,12/03/2022
1919,01/28/2023
1919,01/21/2023
1919,01/14/2023
1919,01/07/2023
1919,02/25/2023
1919,02/18/2023
1919,02/11/2023
1919,02/04/2023
1919,03/25/2023
1919,03/18/2023
1919,03/11/2023
1919,03/04/2023
1919,04/29/2023
1919,04/22/2023
1919,04/15/2023
1919,04/08/2023
1919,04/01/2023
1919,05/13/2023
1919,05/06/2023
1919,06/24/2023
1919,06/17/2023
1919,06/10/2023
1919,06/03/2023
1919,07/29/2023
1919,07/22/2023
1919,07/15/2023
1919,07/08/2023
1919,07/01/2023
1919,08/26/2023
1919,08/19/2023
1919,08/12/2023
1919,08/05/2023
1919,09/30/2023
1919,09/23/2023
1919,09/16/2023
1919,09/09/2023
1919,09/02/2023
1919,10/28/2023
1919,10/21/2023
1919,10/14/2023
1919,10/07/2023
1919,11/25/2023
1919,11/18/2023
1919,11/11/2023
1919,11/04/2023
1919,12/16/2023
1919,12/09/2023
1919,12/02/2023
1919,01/27/2024
1919,01/20/2024
1919,01/13/2024
1919,01/06/2024
1919,02/24/2024
1919,02/17/2024
1919,02/10/2024
1919,02/03/2024
1919,03/09/2024
1919,03/02/2024
1963,01/30/2020
1963,01/23/2020
1963,01/16/2020
1963,01/09/2020
1963,02/27/2020
1963,02/20/2020
1963,02/13/2020
1963,02/06/2020
1963,03/26/2020
1963,03/19/2020
1963,03/12/2020
1963,03/05/2020
1963,04/30/2020
1963,04/23/2020
1963,04/16/2020
1963,04/09/2020
1963,04/02/2020
1963,05/28/2020
1963,05/21/2020
1963,05/14/2020
1963,05/07/2020
1963,06/25/2020
1963,06/18/2020
1963,06/11/2020
1963,06/04/2020
1963,07/30/2020
1963,07/23/2020
1963,07/16/2020
1963,07/09/2020
1963,08/27/2020
1963,08/20/2020
1963,08/13/2020
1963,08/06/2020
1963,09/24/2020
1963,09/17/2020
1963,09/10/2020
1963,09/03/2020
1963,10/29/2020
1963,10/22/2020
1963,10/15/2020
1963,10/08/2020
1963,10/01/2020
1963,11/19/2020
1963,11/12/2020
1963,11/05/2020
1963,12/17/2020
1963,12/10/2020
1963,12/03/2020
1963,01/30/2021
1963,01/23/2021
1963,01/16/2021
1963,01/09/2021
1963,02/27/2021
1963,02/20/2021
1963,02/13/2021
1963,02/06/2021
1963,03/27/2021
1963,03/20/2021
1963,03/13/2021
1963,03/06/2021
1963,04/24/2021
1963,04/17/2021
1963,04/10/2021
1963,04/03/2021
1963,05/29/2021
1963,05/22/2021
1963,05/15/2021
1963,05/08/2021
1963,05/01/2021
1963,06/26/2021
1963,06/19/2021
1963,06/12/2021
1963,06/05/2021
1963,07/31/2021
1963,07/24/2021
1963,07/17/2021
1963,07/10/2021
1963,07/03/2021
1963,08/28/2021
1963,08/21/2021
1963,08/14/2021
1963,08/07/2021
1963,09/25/2021
1963,09/18/2021
1963,09/11/2021
1963,09/04/2021
1963,10/30/2021
1963,10/23/2021
1963,10/16/2021
1963,10/09/2021
1963,10/02/2021
1963,11/20/2021
1963,11/13/2021
1963,11/06/2021
1963,12/18/2021
1963,12/11/2021
1963,12/04/2021
1963,01/29/2022
1963,01/22/2022
1963,01/15/2022
1963,01/08/2022
1963,02/26/2022
1963,02/19/2022
1963,02/12/2022
1963,02/05/2022
1963,03/26/2022
1963,03/19/2022
1963,03/12/2022
1963,03/05/2022
1963,04/30/2022
1963,04/23/2022
1963,04/16/2022
1963,04/09/2022
1963,04/02/2022
1963,05/28/2022
1963,05/21/2022
1963,05/14/2022
1963,05/07/2022
1963,06/25/2022
1963,06/18/2022
1963,06/11/2022
1963,06/04/2022
1963,07/30/2022
1963,07/23/2022
1963,07/16/2022
1963,07/02/2022
1963,08/27/2022
1963,08/20/2022
1963,08/13/2022
1963,08/06/2022
1963,09/24/2022
1963,09/17/2022
1963,09/10/2022
1963,09/03/2022
1963,10/29/2022
1963,10/22/2022
1963,10/15/2022
1963,10/08/2022
1963,10/01/2022
1963,11/19/2022
1963,11/12/2022
1963,11/05/2022
1963,12/17/2022
1963,12/10/2022
1963,12/03/2022
1963,01/28/2023
1963,01/21/2023
1963,01/14/2023
1963,01/07/2023
1963,02/25/2023
1963,02/18/2023
1963,02/11/2023
1963,02/04/2023
1963,03/25/2023
1963,03/18/2023
1963,03/11/2023
1963,03/04/2023
1963,04/29/2023
1963,04/22/2023
1963,04/15/2023
1963,04/08/2023
1963,04/01/2023
1963,05/27/2023
1963,05/20/2023
1963,05/13/2023
1963,05/06/2023
1963,06/24/2023
1963,06/17/2023
1963,06/10/2023
1963,06/03/2023
1963,07/29/2023
1963,07/22/2023
1963,07/15/2023
1963,07/01/2023
1963,08/26/2023
1963,08/19/2023
1963,08/12/2023
1963,08/05/2023
1963,09/30/2023
1963,09/23/2023
1963,09/16/2023
1963,09/09/2023
1963,09/02/2023
1963,10/28/2023
1963,10/21/2023
1963,10/14/2023
1963,10/07/2023
1963,11/18/2023
1963,11/11/2023
1963,11/04/2023
1963,12/23/2023
1963,12/16/2023
1963,12/09/2023
1963,12/02/2023
1963,01/27/2024
1963,01/20/2024
1963,01/13/2024
1963,02/24/2024
1963,02/17/2024
1963,02/10/2024
1963,02/03/2024
1963,03/16/2024
1963,03/09/2024
1963,03/02/2024
2027,01/30/2020
2027,01/23/2020
2027,01/16/2020
2027,01/09/2020
2027,01/02/2020
2027,02/27/2020
2027,02/20/2020
2027,02/13/2020
2027,02/06/2020
2027,03/26/2020
2027,03/19/2020
2027,03/12/2020
2027,03/05/2020
2027,04/30/2020
2027,04/23/2020
2027,04/16/2020
2027,04/09/2020
2027,04/02/2020
2027,05/28/2020
2027,05/21/2020
2027,05/14/2020
2027,05/07/2020
2027,06/25/2020
2027,06/18/2020
2027,06/11/2020
2027,06/04/2020
2027,07/30/2020
2027,07/23/2020
2027,07/16/2020
2027,07/09/2020
2027,07/02/2020
2027,08/27/2020
2027,08/20/2020
2027,08/13/2020
2027,08/06/2020
2027,09/24/2020
2027,09/17/2020
2027,09/10/2020
2027,09/03/2020
2027,10/29/2020
2027,10/22/2020
2027,10/15/2020
2027,10/08/2020
2027,10/01/2020
2027,11/26/2020
2027,11/19/2020
2027,11/12/2020
2027,11/05/2020
2027,12/24/2020
2027,12/17/2020
2027,12/10/2020
2027,12/03/2020
2027,01/30/2021
2027,01/23/2021
2027,01/16/2021
2027,01/09/2021
2027,01/02/2021
2027,02/27/2021
2027,02/20/2021
2027,02/13/2021
2027,02/06/2021
2027,03/27/2021
2027,03/20/2021
2027,03/13/2021
2027,03/06/2021
2027,04/24/2021
2027,04/17/2021
2027,04/10/2021
2027,04/03/2021
2027,05/29/2021
2027,05/22/2021
2027,05/15/2021
2027,05/08/2021
2027,05/01/2021
2027,06/26/2021
2027,06/19/2021
2027,06/12/2021
2027,06/05/2021
2027,07/31/2021
2027,07/24/2021
2027,07/17/2021
2027,07/10/2021
2027,07/03/2021
2027,08/28/2021
2027,08/21/2021
2027,08/14/2021
2027,08/07/2021
2027,09/25/2021
2027,09/18/2021
2027,09/11/2021
2027,09/04/2021
2027,10/30/2021
2027,10/23/2021
2027,10/16/2021
2027,10/09/2021
2027,10/02/2021
2027,11/27/2021
2027,11/20/2021
2027,11/13/2021
2027,11/06/2021
2027,12/25/2021
2027,12/18/2021
2027,12/11/2021
2027,12/04/2021
2027,01/29/2022
2027,01/22/2022
2027,01/15/2022
2027,01/08/2022
2027,01/01/2022
2027,02/26/2022
2027,02/19/2022
2027,02/12/2022
2027,02/05/2022
2027,03/26/2022
2027,03/19/2022
2027,03/12/2022
2027,03/05/2022
2027,04/30/2022
2027,04/23/2022
2027,04/16/2022
2027,04/09/2022
2027,04/02/2022
2027,05/28/2022
2027,05/21/2022
2027,05/14/2022
2027,05/07/2022
2027,06/25/2022
2027,06/18/2022
2027,06/11/2022
2027,06/04/2022
2027,07/30/2022
2027,07/23/2022
2027,07/16/2022
2027,07/09/2022
2027,07/02/2022
2027,08/27/2022
2027,08/20/2022
2027,08/13/2022
2027,08/06/2022
2027,09/24/2022
2027,09/17/2022
2027,09/10/2022
2027,09/03/2022
2027,10/29/2022
2027,10/22/2022
2027,10/15/2022
2027,10/08/2022
2027,10/01/2022
2027,11/26/2022
2027,11/19/2022
2027,11/12/2022
2027,11/05/2022
2027,12/31/2022
2027,12/17/2022
2027,12/10/2022
2027,12/03/2022
2027,01/28/2023
2027,01/21/2023
2027,01/14/2023
2027,01/07/2023
2027,02/25/2023
2027,02/18/2023
2027,02/11/2023
2027,02/04/2023
2027,03/25/2023
2027,03/18/2023
2027,03/11/2023
2027,03/04/2023
2027,04/29/2023
2027,04/22/2023
2027,04/15/2023
2027,04/08/2023
2027,04/01/2023
2027,05/27/2023
2027,05/20/2023
2027,05/13/2023
2027,05/06/2023
2027,06/24/2023
2027,06/17/2023
2027,06/10/2023
2027,06/03/2023
2027,07/29/2023
2027,07/22/2023
2027,07/15/2023
2027,07/08/2023
2027,07/01/2023
2027,08/26/2023
2027,08/19/2023
2027,08/12/2023
2027,08/05/2023
2027,09/30/2023
2027,09/23/2023
2027,09/16/2023
2027,09/09/2023
2027,09/02/2023
2027,10/28/2023
2027,10/21/2023
2027,10/14/2023
2027,10/07/2023
2027,11/25/2023
2027,11/18/2023
2027,11/11/2023
2027,11/04/2023
2027,12/30/2023
2027,12/23/2023
2027,12/16/2023
2027,12/09/2023
2027,12/02/2023
2027,01/27/2024
2027,01/20/2024
2027,01/13/2024
2027,01/06/2024
2027,02/24/2024
2027,02/17/2024
2027,02/10/2024
2027,02/03/2024
2027,03/09/2024
2027,03/02/2024
2063,01/30/2020
2063,01/23/2020
2063,01/16/2020
2063,01/09/2020
2063,02/27/2020
2063,02/20/2020
2063,02/13/2020
2063,02/06/2020
2063,03/26/2020
2063,03/19/2020
2063,03/12/2020
2063,03/05/2020
2063,04/30/2020
2063,04/23/2020
2063,04/16/2020
2063,04/09/2020
2063,04/02/2020
2063,05/28/2020
2063,05/21/2020
2063,05/14/2020
2063,05/07/2020
2063,06/25/2020
2063,06/18/2020
2063,06/11/2020
2063,06/04/2020
2063,07/30/2020
2063,07/23/2020
2063,07/16/2020
2063,07/09/2020
2063,07/02/2020
2063,08/27/2020
2063,08/20/2020
2063,08/13/2020
2063,08/06/2020
2063,09/24/2020
2063,09/17/2020
2063,09/10/2020
2063,09/03/2020
2063,10/29/2020
2063,10/22/2020
2063,10/15/2020
2063,10/08/2020
2063,10/01/2020
2063,11/26/2020
2063,11/19/2020
2063,11/12/2020
2063,11/05/2020
2063,12/17/2020
2063,12/10/2020
2063,12/03/2020
2063,01/30/2021
2063,01/23/2021
2063,01/16/2021
2063,01/09/2021
2063,02/27/2021
2063,02/20/2021
2063,02/13/2021
2063,02/06/2021
2063,03/27/2021
2063,03/20/2021
2063,03/13/2021
2063,03/06/2021
2063,04/24/2021
2063,04/17/2021
2063,04/10/2021
2063,04/03/2021
2063,05/29/2021
2063,05/22/2021
2063,05/15/2021
2063,05/08/2021
2063,05/01/2021
2063,06/26/2021
2063,06/19/2021
2063,06/12/2021
2063,06/05/2021
2063,07/31/2021
2063,07/24/2021
2063,07/17/2021
2063,07/10/2021
2063,07/03/2021
2063,08/28/2021
2063,08/21/2021
2063,08/14/2021
2063,08/07/2021
2063,09/25/2021
2063,09/18/2021
2063,09/11/2021
2063,09/04/2021
2063,10/30/2021
2063,10/23/2021
2063,10/16/2021
2063,10/09/2021
2063,10/02/2021
2063,11/20/2021
2063,11/13/2021
2063,11/06/2021
2063,12/18/2021
2063,12/11/2021
2063,12/04/2021
2063,01/29/2022
2063,01/22/2022
2063,01/15/2022
2063,01/08/2022
2063,02/26/2022
2063,02/19/2022
2063,02/12/2022
2063,02/05/2022
2063,03/26/2022
2063,03/19/2022
2063,03/12/2022
2063,03/05/2022
2063,04/30/2022
2063,04/23/2022
2063,04/16/2022
2063,04/09/2022
2063,04/02/2022
2063,05/28/2022
2063,05/21/2022
2063,05/14/2022
2063,05/07/2022
2063,06/25/2022
2063,06/18/2022
2063,06/11/2022
2063,06/04/2022
2063,07/30/2022
2063,07/23/2022
2063,07/16/2022
2063,07/09/2022
2063,07/02/2022
2063,08/27/2022
2063,08/20/2022
2063,08/13/2022
2063,08/06/2022
2063,09/24/2022
2063,09/17/2022
2063,09/10/2022
2063,09/03/2022
2063,10/29/2022
2063,10/22/2022
2063,10/15/2022
2063,10/08/2022
2063,10/01/2022
2063,11/26/2022
2063,11/19/2022
2063,11/12/2022
2063,11/05/2022
2063,12/17/2022
2063,12/10/2022
2063,12/03/2022
2063,01/28/2023
2063,01/21/2023
2063,01/14/2023
2063,01/07/2023
2063,02/25/2023
2063,02/18/2023
2063,02/11/2023
2063,02/04/2023
2063,03/25/2023
2063,03/18/2023
2063,03/11/2023
2063,03/04/2023
2063,04/29/2023
2063,04/22/2023
2063,04/15/2023
2063,04/08/2023
2063,04/01/2023
2063,05/27/2023
2063,05/20/2023
2063,05/13/2023
2063,05/06/2023
2063,06/24/2023
2063,06/17/2023
2063,06/10/2023
2063,06/03/2023
2063,07/29/2023
2063,07/22/2023
2063,07/15/2023
2063,07/08/2023
2063,07/01/2023
2063,08/26/2023
2063,08/19/2023
2063,08/12/2023
2063,08/05/2023
2063,09/30/2023
2063,09/23/2023
2063,09/16/2023
2063,09/09/2023
2063,09/02/2023
2063,10/28/2023
2063,10/21/2023
2063,10/14/2023
2063,10/07/2023
2063,11/25/2023
2063,11/18/2023
2063,11/11/2023
2063,11/04/2023
2063,12/23/2023
2063,12/16/2023
2063,12/09/2023
2063,12/02/2023
2063,01/27/2024
2063,01/13/2024
2063,01/06/2024
2063,02/24/2024
2063,02/17/2024
2063,02/10/2024
2063,02/03/2024
2063,03/09/2024
2063,03/02/2024
1955,01/30/2020
1955,01/23/2020
1955,01/16/2020
1955,01/09/2020
1955,02/27/2020
1955,02/20/2020
1955,02/13/2020
1955,02/06/2020
1955,03/26/2020
1955,03/19/2020
1955,03/12/2020
1955,03/05/2020
1955,04/30/2020
1955,04/23/2020
1955,04/16/2020
1955,04/09/2020
1955,04/02/2020
1955,05/28/2020
1955,05/21/2020
1955,05/14/2020
1955,05/07/2020
1955,06/25/2020
1955,06/18/2020
1955,06/11/2020
1955,06/04/2020
1955,07/30/2020
1955,07/23/2020
1955,07/16/2020
1955,07/09/2020
1955,07/02/2020
1955,08/27/2020
1955,08/20/2020
1955,08/13/2020
1955,08/06/2020
1955,09/24/2020
1955,09/17/2020
1955,09/10/2020
1955,09/03/2020
1955,10/29/2020
1955,10/22/2020
1955,10/15/2020
1955,10/08/2020
1955,10/01/2020
1955,11/26/2020
1955,11/19/2020
1955,11/12/2020
1955,11/05/2020
1955,12/17/2020
1955,12/10/2020
1955,12/03/2020
1955,01/30/2021
1955,01/23/2021
1955,01/16/2021
1955,01/09/2021
1955,02/27/2021
1955,02/20/2021
1955,02/13/2021
1955,02/06/2021
1955,03/27/2021
1955,03/20/2021
1955,03/13/2021
1955,03/06/2021
1955,04/24/2021
1955,04/17/2021
1955,04/10/2021
1955,04/03/2021
1955,05/29/2021
1955,05/22/2021
1955,05/15/2021
1955,05/08/2021
1955,05/01/2021
1955,06/26/2021
1955,06/19/2021
1955,06/12/2021
1955,06/05/2021
1955,07/31/2021
1955,07/24/2021
1955,07/17/2021
1955,07/10/2021
1955,07/03/2021
1955,08/28/2021
1955,08/21/2021
1955,08/14/2021
1955,08/07/2021
1955,09/25/2021
1955,09/18/2021
1955,09/11/2021
1955,09/04/2021
1955,10/30/2021
1955,10/23/2021
1955,10/16/2021
1955,10/09/2021
1955,10/02/2021
1955,11/20/2021
1955,11/13/2021
1955,11/06/2021
1955,12/18/2021
1955,12/11/2021
1955,12/04/2021
1955,01/29/2022
1955,01/22/2022
1955,01/15/2022
1955,01/08/2022
1955,02/26/2022
1955,02/19/2022
1955,02/12/2022
1955,02/05/2022
1955,03/26/2022
1955,03/19/2022
1955,03/12/2022
1955,03/05/2022
1955,04/30/2022
1955,04/23/2022
1955,04/16/2022
1955,04/09/2022
1955,04/02/2022
1955,05/28/2022
1955,05/21/2022
1955,05/14/2022
1955,05/07/2022
1955,06/25/2022
1955,06/18/2022
1955,06/11/2022
1955,06/04/2022
1955,07/30/2022
1955,07/23/2022
1955,07/16/2022
1955,07/02/2022
1955,08/27/2022
1955,08/20/2022
1955,08/13/2022
1955,08/06/2022
1955,09/24/2022
1955,09/17/2022
1955,09/10/2022
1955,09/03/2022
1955,10/29/2022
1955,10/22/2022
1955,10/15/2022
1955,10/08/2022
1955,10/01/2022
1955,11/19/2022
1955,11/12/2022
1955,11/05/2022
1955,12/24/2022
1955,12/17/2022
1955,12/10/2022
1955,12/03/2022
1955,01/28/2023
1955,01/21/2023
1955,01/14/2023
1955,01/07/2023
1955,02/25/2023
1955,02/18/2023
1955,02/11/2023
1955,02/04/2023
1955,03/25/2023
1955,03/18/2023
1955,03/11/2023
1955,03/04/2023
1955,04/29/2023
1955,04/22/2023
1955,04/15/2023
1955,04/08/2023
1955,04/01/2023
1955,05/27/2023
1955,05/20/2023
1955,05/13/2023
1955,05/06/2023
1955,06/24/2023
1955,06/17/2023
1955,06/10/2023
1955,06/03/2023
1955,07/29/2023
1955,07/22/2023
1955,07/15/2023
1955,07/01/2023
1955,08/26/2023
1955,08/19/2023
1955,08/12/2023
1955,08/05/2023
1955,09/30/2023
1955,09/23/2023
1955,09/16/2023
1955,09/09/2023
1955,09/02/2023
1955,10/28/2023
1955,10/21/2023
1955,10/14/2023
1955,10/07/2023
1955,11/18/2023
1955,11/11/2023
1955,11/04/2023
1955,12/23/2023
1955,12/16/2023
1955,12/09/2023
1955,12/02/2023
1955,01/27/2024
1955,01/20/2024
1955,01/13/2024
1955,01/06/2024
1955,02/24/2024
1955,02/17/2024
1955,02/10/2024
1955,02/03/2024
1955,03/16/2024
1955,03/09/2024
1955,03/02/2024
2039,02/13/2020
2039,09/24/2020
2039,09/17/2020
2039,09/10/2020
2039,09/03/2020
2039,10/29/2020
2039,10/22/2020
2039,10/15/2020
2039,10/08/2020
2039,10/01/2020
2039,11/19/2020
2039,11/12/2020
2039,11/05/2020
2039,12/17/2020
2039,12/10/2020
2039,12/03/2020
2039,01/30/2021
2039,01/23/2021
2039,01/16/2021
2039,01/09/2021
2039,02/27/2021
2039,02/20/2021
2039,02/13/2021
2039,02/06/2021
2039,03/27/2021
2039,03/20/2021
2039,03/13/2021
2039,03/06/2021
2039,04/24/2021
2039,04/17/2021
2039,04/10/2021
2039,04/03/2021
2039,05/29/2021
2039,05/22/2021
2039,05/15/2021
2039,05/08/2021
2039,05/01/2021
2039,06/26/2021
2039,06/19/2021
2039,06/12/2021
2039,06/05/2021
2039,07/31/2021
2039,07/24/2021
2039,07/17/2021
2039,07/10/2021
2039,07/03/2021
2039,08/28/2021
2039,08/21/2021
2039,08/07/2021
2039,09/25/2021
2039,09/18/2021
2039,09/11/2021
2039,09/04/2021
2039,10/30/2021
2039,10/23/2021
2039,10/16/2021
2039,10/09/2021
2039,10/02/2021
2039,11/27/2021
2039,11/20/2021
2039,11/13/2021
2039,11/06/2021
2039,12/25/2021
2039,12/18/2021
2039,12/11/2021
2039,12/04/2021
2039,01/29/2022
2039,01/22/2022
2039,01/15/2022
2039,01/08/2022
2039,02/26/2022
2039,02/19/2022
2039,02/12/2022
2039,02/05/2022
2039,03/26/2022
2039,03/19/2022
2039,03/12/2022
2039,03/05/2022
2039,04/30/2022
2039,04/23/2022
2039,04/16/2022
2039,04/09/2022
2039,04/02/2022
2039,05/28/2022
2039,05/21/2022
2039,05/14/2022
2039,05/07/2022
2039,06/25/2022
2039,06/18/2022
2039,06/11/2022
2039,06/04/2022
2039,07/30/2022
2039,07/23/2022
2039,07/16/2022
2039,07/09/2022
2039,07/02/2022
2039,08/27/2022
2039,08/20/2022
2039,08/13/2022
2039,08/06/2022
2039,09/17/2022
2039,09/10/2022
2039,09/03/2022
2039,10/29/2022
2039,10/22/2022
2039,10/15/2022
2039,10/08/2022
2039,10/01/2022
2039,11/26/2022
2039,11/19/2022
2039,11/12/2022
2039,11/05/2022
2039,12/17/2022
2039,12/10/2022
2039,12/03/2022
2039,01/28/2023
2039,01/21/2023
2039,01/14/2023
2039,02/25/2023
2039,02/18/2023
2039,02/11/2023
2039,02/04/2023
2039,03/25/2023
2039,03/18/2023
2039,03/11/2023
2039,03/04/2023
2039,04/29/2023
2039,04/22/2023
2039,04/15/2023
2039,04/08/2023
2039,04/01/2023
2039,05/27/2023
2039,05/20/2023
2039,05/13/2023
2039,05/06/2023
2039,06/24/2023
2039,06/17/2023
2039,06/10/2023
2039,06/03/2023
2039,07/29/2023
2039,07/22/2023
2039,07/15/2023
2039,07/08/2023
2039,07/01/2023
2039,08/26/2023
2039,08/19/2023
2039,08/12/2023
2039,08/05/2023
2039,09/30/2023
2039,09/23/2023
2039,09/16/2023
2039,09/09/2023
2039,09/02/2023
2039,10/28/2023
2039,10/14/2023
2039,10/07/2023
2039,11/25/2023
2039,11/18/2023
2039,11/11/2023
2039,11/04/2023
2039,12/30/2023
2039,12/23/2023
2039,12/16/2023
2039,12/09/2023
2039,12/02/2023
2039,01/27/2024
2039,01/20/2024
2039,01/13/2024
2039,01/06/2024
2039,02/24/2024
2039,02/17/2024
2039,02/10/2024
2039,02/03/2024
2039,03/09/2024
2039,03/02/2024
2187,01/30/2020
2187,01/23/2020
2187,01/16/2020
2187,01/09/2020
2187,01/02/2020
2187,02/27/2020
2187,02/20/2020
2187,02/13/2020
2187,02/06/2020
2187,03/26/2020
2187,03/19/2020
2187,03/12/2020
2187,03/05/2020
2187,04/30/2020
2187,04/23/2020
2187,04/16/2020
2187,04/09/2020
2187,04/02/2020
2187,05/28/2020
2187,05/21/2020
2187,05/14/2020
2187,05/07/2020
2187,06/25/2020
2187,06/18/2020
2187,06/11/2020
2187,06/04/2020
2187,07/30/2020
2187,07/23/2020
2187,07/16/2020
2187,07/09/2020
2187,07/02/2020
2187,08/27/2020
2187,08/20/2020
2187,08/13/2020
2187,08/06/2020
2187,09/24/2020
2187,09/17/2020
2187,09/10/2020
2187,09/03/2020
2187,10/29/2020
2187,10/22/2020
2187,10/15/2020
2187,10/08/2020
2187,10/01/2020
2187,11/26/2020
2187,11/19/2020
2187,11/12/2020
2187,11/05/2020
2187,12/17/2020
2187,12/10/2020
2187,12/03/2020
2187,01/30/2021
2187,01/23/2021
2187,01/16/2021
2187,01/09/2021
2187,01/02/2021
2187,02/27/2021
2187,02/20/2021
2187,02/13/2021
2187,02/06/2021
2187,03/27/2021
2187,03/20/2021
2187,03/13/2021
2187,03/06/2021
2187,04/24/2021
2187,04/17/2021
2187,04/10/2021
2187,04/03/2021
2187,05/29/2021
2187,05/22/2021
2187,05/15/2021
2187,05/08/2021
2187,05/01/2021
2187,06/26/2021
2187,06/19/2021
2187,06/12/2021
2187,06/05/2021
2187,07/31/2021
2187,07/24/2021
2187,07/17/2021
2187,07/10/2021
2187,07/03/2021
2187,08/28/2021
2187,08/21/2021
2187,08/14/2021
2187,08/07/2021
2187,09/25/2021
2187,09/18/2021
2187,09/11/2021
2187,09/04/2021
2187,10/30/2021
2187,10/23/2021
2187,10/16/2021
2187,10/09/2021
2187,10/02/2021
2187,11/27/2021
2187,11/20/2021
2187,11/13/2021
2187,11/06/2021
2187,12/25/2021
2187,12/18/2021
2187,12/11/2021
2187,12/04/2021
2187,01/29/2022
2187,01/22/2022
2187,01/15/2022
2187,01/08/2022
2187,02/26/2022
2187,02/19/2022
2187,02/12/2022
2187,02/05/2022
2187,03/26/2022
2187,03/19/2022
2187,03/12/2022
2187,03/05/2022
2187,04/30/2022
2187,04/23/2022
2187,04/16/2022
2187,04/09/2022
2187,04/02/2022
2187,05/28/2022
2187,05/21/2022
2187,05/14/2022
2187,05/07/2022
2187,06/25/2022
2187,06/18/2022
2187,06/11/2022
2187,06/04/2022
2187,07/30/2022
2187,07/23/2022
2187,07/16/2022
2187,07/09/2022
2187,07/02/2022
2187,08/27/2022
2187,08/20/2022
2187,08/13/2022
2187,08/06/2022
2187,09/24/2022
2187,09/17/2022
2187,09/10/2022
2187,09/03/2022
2187,10/29/2022
2187,10/22/2022
2187,10/15/2022
2187,10/08/2022
2187,10/01/2022
2187,11/26/2022
2187,11/19/2022
2187,11/12/2022
2187,11/05/2022
2187,12/24/2022
2187,12/17/2022
2187,12/10/2022
2187,12/03/2022
2187,01/28/2023
2187,01/21/2023
2187,01/14/2023
2187,01/07/2023
2187,02/25/2023
2187,02/18/2023
2187,02/11/2023
2187,02/04/2023
2187,03/25/2023
2187,03/18/2023
2187,03/11/2023
2187,03/04/2023
2187,04/29/2023
2187,04/22/2023
2187,04/15/2023
2187,04/08/2023
2187,04/01/2023
2187,05/27/2023
2187,05/20/2023
2187,05/13/2023
2187,05/06/2023
2187,06/24/2023
2187,06/17/2023
2187,06/10/2023
2187,06/03/2023
2187,07/29/2023
2187,07/22/2023
2187,07/15/2023
2187,07/08/2023
2187,07/01/2023
2187,08/26/2023
2187,08/19/2023
2187,08/12/2023
2187,08/05/2023
2187,09/30/2023
2187,09/23/2023
2187,09/16/2023
2187,09/09/2023
2187,09/02/2023
2187,10/28/2023
2187,10/21/2023
2187,10/14/2023
2187,10/07/2023
2187,11/25/2023
2187,11/18/2023
2187,11/11/2023
2187,11/04/2023
2187,12/23/2023
2187,12/16/2023
2187,12/09/2023
2187,12/02/2023
2187,01/27/2024
2187,01/20/2024
2187,01/13/2024
2187,01/06/2024
2187,02/24/2024
2187,02/17/2024
2187,02/10/2024
2187,02/03/2024
2187,03/09/2024
2187,03/02/2024
2240,01/30/2020
2240,01/23/2020
2240,01/16/2020
2240,01/09/2020
2240,02/27/2020
2240,02/20/2020
2240,02/13/2020
2240,02/06/2020
2240,03/26/2020
2240,03/19/2020
2240,03/12/2020
2240,03/05/2020
2240,04/30/2020
2240,04/23/2020
2240,04/16/2020
2240,04/09/2020
2240,04/02/2020
2240,05/28/2020
2240,05/21/2020
2240,05/14/2020
2240,05/07/2020
2240,06/25/2020
2240,06/18/2020
2240,06/11/2020
2240,06/04/2020
2240,07/30/2020
2240,07/23/2020
2240,07/16/2020
2240,07/09/2020
2240,07/02/2020
2240,08/27/2020
2240,08/20/2020
2240,08/13/2020
2240,08/06/2020
2240,09/24/2020
2240,09/17/2020
2240,09/10/2020
2240,09/03/2020
2240,10/29/2020
2240,10/22/2020
2240,10/15/2020
2240,10/08/2020
2240,10/01/2020
2240,11/26/2020
2240,11/19/2020
2240,11/12/2020
2240,11/05/2020
2240,12/17/2020
2240,12/10/2020
2240,12/03/2020
2240,01/30/2021
2240,01/23/2021
2240,01/16/2021
2240,01/09/2021
2240,01/02/2021
2240,02/27/2021
2240,02/20/2021
2240,02/13/2021
2240,02/06/2021
2240,03/27/2021
2240,03/20/2021
2240,03/13/2021
2240,03/06/2021
2240,04/24/2021
2240,04/10/2021
2240,04/03/2021
2240,05/15/2021
2240,05/08/2021
2240,07/17/2021
2240,09/11/2021
2240,09/04/2021
2240,10/30/2021
2240,10/23/2021
2240,10/16/2021
2240,10/09/2021
2240,11/20/2021
2240,11/13/2021
2240,11/06/2021
2240,12/18/2021
2240,12/11/2021
2240,12/04/2021
2240,03/05/2022
2240,04/23/2022
2240,04/16/2022
2240,04/02/2022
2240,09/17/2022
2240,09/10/2022
2240,09/03/2022
2240,11/19/2022
2240,11/12/2022
2240,09/23/2023
2240,09/16/2023
2240,09/09/2023
2240,10/28/2023
2240,10/21/2023
2240,10/14/2023
2240,10/07/2023
2240,11/18/2023
2240,11/11/2023
2240,11/04/2023
2240,12/16/2023
2240,12/09/2023
2240,12/02/2023
2240,03/09/2024
2106,01/30/2020
2106,01/23/2020
2106,01/16/2020
2106,01/09/2020
2106,01/02/2020
2106,02/27/2020
2106,02/20/2020
2106,02/13/2020
2106,02/06/2020
2106,03/26/2020
2106,03/19/2020
2106,03/12/2020
2106,03/05/2020
2106,04/30/2020
2106,04/23/2020
2106,04/16/2020
2106,04/09/2020
2106,04/02/2020
2106,05/28/2020
2106,05/21/2020
2106,05/14/2020
2106,05/07/2020
2106,06/25/2020
2106,06/18/2020
2106,06/11/2020
2106,06/04/2020
2106,07/30/2020
2106,07/23/2020
2106,07/16/2020
2106,07/09/2020
2106,07/02/2020
2106,08/27/2020
2106,08/20/2020
2106,08/13/2020
2106,08/06/2020
2106,09/24/2020
2106,09/17/2020
2106,09/10/2020
2106,09/03/2020
2106,10/29/2020
2106,10/22/2020
2106,10/15/2020
2106,10/08/2020
2106,10/01/2020
2106,11/26/2020
2106,11/19/2020
2106,11/12/2020
2106,11/05/2020
2106,12/24/2020
2106,12/17/2020
2106,12/10/2020
2106,12/03/2020
2106,01/30/2021
2106,01/23/2021
2106,01/16/2021
2106,01/09/2021
2106,02/27/2021
2106,02/20/2021
2106,02/13/2021
2106,02/06/2021
2106,03/27/2021
2106,03/20/2021
2106,03/13/2021
2106,03/06/2021
2106,04/24/2021
2106,04/17/2021
2106,04/10/2021
2106,04/03/2021
2106,05/29/2021
2106,05/22/2021
2106,05/15/2021
2106,05/08/2021
2106,05/01/2021
2106,06/26/2021
2106,06/19/2021
2106,06/12/2021
2106,06/05/2021
2106,07/31/2021
2106,07/24/2021
2106,07/17/2021
2106,07/10/2021
2106,07/03/2021
2106,08/28/2021
2106,08/21/2021
2106,08/14/2021
2106,08/07/2021
2106,09/25/2021
2106,09/18/2021
2106,09/11/2021
2106,09/04/2021
2106,10/30/2021
2106,10/23/2021
2106,10/16/2021
2106,10/09/2021
2106,10/02/2021
2106,11/27/2021
2106,11/20/2021
2106,11/13/2021
2106,11/06/2021
2106,12/25/2021
2106,12/18/2021
2106,12/11/2021
2106,12/04/2021
2106,01/29/2022
2106,01/22/2022
2106,01/15/2022
2106,01/08/2022
2106,02/26/2022
2106,02/19/2022
2106,02/12/2022
2106,02/05/2022
2106,03/26/2022
2106,03/19/2022
2106,03/12/2022
2106,03/05/2022
2106,04/30/2022
2106,04/23/2022
2106,04/16/2022
2106,04/09/2022
2106,04/02/2022
2106,05/28/2022
2106,05/21/2022
2106,05/14/2022
2106,05/07/2022
2106,06/25/2022
2106,06/18/2022
2106,06/04/2022
2106,07/30/2022
2106,07/23/2022
2106,07/16/2022
2106,07/02/2022
2106,08/27/2022
2106,08/20/2022
2106,08/13/2022
2106,08/06/2022
2106,09/24/2022
2106,09/17/2022
2106,09/10/2022
2106,09/03/2022
2106,10/29/2022
2106,10/22/2022
2106,10/15/2022
2106,10/08/2022
2106,10/01/2022
2106,11/26/2022
2106,11/19/2022
2106,11/12/2022
2106,11/05/2022
2106,12/24/2022
2106,12/17/2022
2106,12/10/2022
2106,12/03/2022
2106,01/28/2023
2106,01/21/2023
2106,01/14/2023
2106,01/07/2023
2106,02/25/2023
2106,02/18/2023
2106,02/11/2023
2106,02/04/2023
2106,03/25/2023
2106,03/18/2023
2106,03/11/2023
2106,03/04/2023
2106,04/29/2023
2106,04/22/2023
2106,04/15/2023
2106,04/08/2023
2106,04/01/2023
2106,05/27/2023
2106,05/20/2023
2106,05/13/2023
2106,05/06/2023
2106,06/24/2023
2106,06/17/2023
2106,06/10/2023
2106,06/03/2023
2106,07/29/2023
2106,07/22/2023
2106,07/15/2023
2106,07/08/2023
2106,07/01/2023
2106,08/26/2023
2106,08/19/2023
2106,08/12/2023
2106,08/05/2023
2106,09/30/2023
2106,09/23/2023
2106,09/16/2023
2106,09/09/2023
2106,09/02/2023
2106,10/28/2023
2106,10/21/2023
2106,10/14/2023
2106,10/07/2023
2106,11/25/2023
2106,11/18/2023
2106,11/11/2023
2106,11/04/2023
2106,12/23/2023
2106,12/16/2023
2106,12/09/2023
2106,12/02/2023
2106,01/27/2024
2106,01/20/2024
2106,01/13/2024
2106,01/06/2024
2106,02/24/2024
2106,02/17/2024
2106,02/10/2024
2106,02/03/2024
2106,03/09/2024
2106,03/02/2024
