title,document_date,file_extension,document_url,report_date,slug_id,report_end_date
LSD_MARS_2063,02/06/2020 19:21:47,PDF,/filerepo/sites/default/files/2063/2020-01-24/23461/MARS_2063_00033_03.pdf,01/24/2020 - 01/30/2020,2063,01/30/2020
LSD_MARS_2063,01/24/2020 12:25:10,PDF,/filerepo/sites/default/files/2063/2020-01-17/22333/MARS_2063_00032.pdf,01/17/2020 - 01/23/2020,2063,01/23/2020
LSD_MARS_2063,01/17/2020 12:15:32,PDF,/filerepo/sites/default/files/2063/2020-01-10/21881/MARS_2063_00031.pdf,01/10/2020 - 01/16/2020,2063,01/16/2020
LSD_MARS_2063,01/10/2020 12:11:51,PDF,/filerepo/sites/default/files/2063/2020-01-03/21354/MARS_2063_00030.pdf,01/03/2020 - 01/09/2020,2063,01/09/2020
AMS_2063,02/28/2020 13:13:26,PDF,/filerepo/sites/default/files/2063/2020-02-21/27332/ams_2063_00037.pdf,02/21/2020 - 02/27/2020,2063,02/27/2020
LSD_MARS_2063,02/21/2020 12:34:01,PDF,/filerepo/sites/default/files/2063/2020-02-14/24768/AMS_2063_00036.pdf,02/14/2020 - 02/20/2020,2063,02/20/2020
LSD_MARS_2063,02/14/2020 12:43:00,PDF,/filerepo/sites/default/files/2063/2020-02-07/24065/AMS_2063_00035.pdf,02/07/2020 - 02/13/2020,2063,02/13/2020
LSD_MARS_2063,02/07/2020 12:20:23,PDF,/filerepo/sites/default/files/2063/2020-01-31/23526/MARS_2063_00034.pdf,01/31/2020 - 02/06/2020,2063,02/06/2020
AMS_2063,03/27/2020 10:51:12,PDF,/filerepo/sites/default/files/2063/2020-03-20/154295/ams_2063_00041.pdf,03/20/2020 - 03/26/2020,2063,03/26/2020
AMS_2063,03/20/2020 11:01:20,PDF,/filerepo/sites/default/files/2063/2020-03-13/76712/ams_2063_00040.pdf,03/13/2020 - 03/19/2020,2063,03/19/2020
AMS_2063,03/13/2020 11:30:36,PDF,/filerepo/sites/default/files/2063/2020-03-06/46471/ams_2063_00039.pdf,03/06/2020 - 03/12/2020,2063,03/12/2020
AMS_2063,03/06/2020 12:25:32,PDF,/filerepo/sites/default/files/2063/2020-02-28/30295/ams_2063_00038.pdf,02/28/2020 - 03/05/2020,2063,03/05/2020
AMS_2063,05/01/2020 12:07:26,PDF,/filerepo/sites/default/files/2063/2020-04-24/194294/ams_2063_00046.pdf,04/24/2020 - 04/30/2020,2063,04/30/2020
AMS_2063,04/24/2020 12:15:00,PDF,/filerepo/sites/default/files/2063/2020-04-17/191669/ams_2063_00045.pdf,04/17/2020 - 04/23/2020,2063,04/23/2020
AMS_2063,04/17/2020 11:50:30,PDF,/filerepo/sites/default/files/2063/2020-04-10/173052/ams_2063_00044.pdf,04/10/2020 - 04/16/2020,2063,04/16/2020
AMS_2063,04/10/2020 13:14:40,PDF,/filerepo/sites/default/files/2063/2020-04-03/170336/ams_2063_00043.pdf,04/03/2020 - 04/09/2020,2063,04/09/2020
AMS_2063,04/03/2020 11:51:26,PDF,/filerepo/sites/default/files/2063/2020-03-27/167423/ams_2063_00042.pdf,03/27/2020 - 04/02/2020,2063,04/02/2020
AMS_2063,05/29/2020 11:53:14,PDF,/filerepo/sites/default/files/2063/2020-05-22/206030/ams_2063_00050.pdf,05/22/2020 - 05/28/2020,2063,05/28/2020
AMS_2063,05/22/2020 12:23:18,PDF,/filerepo/sites/default/files/2063/2020-05-15/203954/ams_2063_00049.pdf,05/15/2020 - 05/21/2020,2063,05/21/2020
AMS_2063,05/15/2020 12:41:06,PDF,/filerepo/sites/default/files/2063/2020-05-08/199814/ams_2063_00048.pdf,05/08/2020 - 05/14/2020,2063,05/14/2020
AMS_2063,05/08/2020 12:00:15,PDF,/filerepo/sites/default/files/2063/2020-05-01/197010/ams_2063_00047.pdf,05/01/2020 - 05/07/2020,2063,05/07/2020
AMS_2063,06/26/2020 11:54:25,PDF,/filerepo/sites/default/files/2063/2020-06-19/292295/ams_2063_00054.pdf,06/19/2020 - 06/25/2020,2063,06/25/2020
AMS_2063,06/19/2020 12:33:08,PDF,/filerepo/sites/default/files/2063/2020-06-12/289773/ams_2063_00053.pdf,06/12/2020 - 06/18/2020,2063,06/18/2020
AMS_2063,06/12/2020 12:26:06,PDF,/filerepo/sites/default/files/2063/2020-06-05/255838/ams_2063_00052.pdf,06/05/2020 - 06/11/2020,2063,06/11/2020
AMS_2063,06/05/2020 11:54:17,PDF,/filerepo/sites/default/files/2063/2020-05-29/249410/ams_2063_00051.pdf,05/29/2020 - 06/04/2020,2063,06/04/2020
AMS_2063,07/31/2020 11:54:10,PDF,/filerepo/sites/default/files/2063/2020-07-24/304709/ams_2063_00059.pdf,07/24/2020 - 07/30/2020,2063,07/30/2020
AMS_2063,07/24/2020 11:49:21,PDF,/filerepo/sites/default/files/2063/2020-07-17/302192/ams_2063_00058.pdf,07/17/2020 - 07/23/2020,2063,07/23/2020
AMS_2063,07/23/2020 17:48:35,PDF,/filerepo/sites/default/files/2063/2020-07-10/301909/ams_2063_00057_01.pdf,07/10/2020 - 07/16/2020,2063,07/16/2020
AMS_2063,07/10/2020 12:02:45,PDF,/filerepo/sites/default/files/2063/2020-07-03/296959/ams_2063_00056.pdf,07/03/2020 - 07/09/2020,2063,07/09/2020
AMS_2063,07/02/2020 12:37:39,PDF,/filerepo/sites/default/files/2063/2020-06-26/294360/ams_2063_00055.pdf,06/26/2020 - 07/02/2020,2063,07/02/2020
AMS_2063,08/28/2020 12:16:09,PDF,/filerepo/sites/default/files/2063/2020-08-21/321116/ams_2063_00063.pdf,08/21/2020 - 08/27/2020,2063,08/27/2020
AMS_2063,08/21/2020 12:05:06,PDF,/filerepo/sites/default/files/2063/2020-08-14/315460/ams_2063_00062.pdf,08/14/2020 - 08/20/2020,2063,08/20/2020
AMS_2063,08/14/2020 12:04:52,PDF,/filerepo/sites/default/files/2063/2020-08-07/309920/ams_2063_00061.pdf,08/07/2020 - 08/13/2020,2063,08/13/2020
AMS_2063,08/07/2020 12:21:22,PDF,/filerepo/sites/default/files/2063/2020-07-31/307372/ams_2063_00060.pdf,07/31/2020 - 08/06/2020,2063,08/06/2020
AMS_2063,09/25/2020 12:09:44,PDF,/filerepo/sites/default/files/2063/2020-09-18/332044/ams_2063_00067.pdf,09/18/2020 - 09/24/2020,2063,09/24/2020
AMS_2063,09/18/2020 12:05:25,PDF,/filerepo/sites/default/files/2063/2020-09-11/329466/ams_2063_00066.pdf,09/11/2020 - 09/17/2020,2063,09/17/2020
AMS_2063,09/11/2020 11:53:48,PDF,/filerepo/sites/default/files/2063/2020-09-04/326956/ams_2063_00065.pdf,09/04/2020 - 09/10/2020,2063,09/10/2020
AMS_2063,09/04/2020 11:55:42,PDF,/filerepo/sites/default/files/2063/2020-08-28/324839/ams_2063_00064.pdf,08/28/2020 - 09/03/2020,2063,09/03/2020
AMS_2063,10/30/2020 11:28:45,PDF,/filerepo/sites/default/files/2063/2020-10-23/345436/ams_2063_00072.pdf,10/23/2020 - 10/29/2020,2063,10/29/2020
AMS_2063,10/23/2020 12:24:56,PDF,/filerepo/sites/default/files/2063/2020-10-16/342725/ams_2063_00071.pdf,10/16/2020 - 10/22/2020,2063,10/22/2020
AMS_2063,10/16/2020 12:27:47,PDF,/filerepo/sites/default/files/2063/2020-10-09/339946/ams_2063_00070.pdf,10/09/2020 - 10/15/2020,2063,10/15/2020
AMS_2063,10/09/2020 13:29:00,PDF,/filerepo/sites/default/files/2063/2020-10-02/337483/ams_2063_00069.pdf,10/02/2020 - 10/08/2020,2063,10/08/2020
AMS_2063,10/02/2020 11:51:24,PDF,/filerepo/sites/default/files/2063/2020-09-25/334615/ams_2063_00068.pdf,09/25/2020 - 10/01/2020,2063,10/01/2020
AMS_2063,11/27/2020 11:52:22,PDF,/filerepo/sites/default/files/2063/2020-11-20/354680/ams_2063_00076.pdf,11/20/2020 - 11/26/2020,2063,11/26/2020
AMS_2063,11/20/2020 13:13:40,PDF,/filerepo/sites/default/files/2063/2020-11-13/352787/ams_2063_00075.pdf,11/13/2020 - 11/19/2020,2063,11/19/2020
AMS_2063,11/13/2020 13:28:07,PDF,/filerepo/sites/default/files/2063/2020-11-06/350234/ams_2063_00074.pdf,11/06/2020 - 11/12/2020,2063,11/12/2020
AMS_2063,11/06/2020 11:57:46,PDF,/filerepo/sites/default/files/2063/2020-10-30/347918/ams_2063_00073.pdf,10/30/2020 - 11/05/2020,2063,11/05/2020
AMS_2063,12/18/2020 13:16:45,PDF,/filerepo/sites/default/files/2063/2020-12-11/364048/ams_2063_00079.pdf,12/11/2020 - 12/17/2020,2063,12/17/2020
AMS_2063,12/11/2020 13:12:49,PDF,/filerepo/sites/default/files/2063/2020-12-04/361406/ams_2063_00078.pdf,12/04/2020 - 12/10/2020,2063,12/10/2020
AMS_2063,12/04/2020 12:02:50,PDF,/filerepo/sites/default/files/2063/2020-11-27/358578/ams_2063_00077.pdf,11/27/2020 - 12/03/2020,2063,12/03/2020
AMS_2063,02/01/2021 13:17:42,PDF,/filerepo/sites/default/files/2063/2021-01-24/413320/ams_2063_00083.pdf,01/24/2021 - 01/30/2021,2063,01/30/2021
AMS_2063,01/25/2021 13:06:25,PDF,/filerepo/sites/default/files/2063/2021-01-17/410941/ams_2063_00082.pdf,01/17/2021 - 01/23/2021,2063,01/23/2021
AMS_2063,01/19/2021 12:46:56,PDF,/filerepo/sites/default/files/2063/2021-01-10/408339/ams_2063_00081.pdf,01/10/2021 - 01/16/2021,2063,01/16/2021
AMS_2063,01/11/2021 12:36:49,PDF,/filerepo/sites/default/files/2063/2021-01-03/405524/ams_2063_00080.pdf,01/03/2021 - 01/09/2021,2063,01/09/2021
AMS_2063,03/01/2021 12:47:30,PDF,/filerepo/sites/default/files/2063/2021-02-21/422552/ams_2063_00087.pdf,02/21/2021 - 02/27/2021,2063,02/27/2021
AMS_2063,02/22/2021 12:28:21,PDF,/filerepo/sites/default/files/2063/2021-02-14/420143/ams_2063_00086.pdf,02/14/2021 - 02/20/2021,2063,02/20/2021
AMS_2063,02/16/2021 12:35:32,PDF,/filerepo/sites/default/files/2063/2021-02-07/418309/ams_2063_00085.pdf,02/07/2021 - 02/13/2021,2063,02/13/2021
AMS_2063,02/08/2021 13:13:57,PDF,/filerepo/sites/default/files/2063/2021-01-31/415805/ams_2063_00084.pdf,01/31/2021 - 02/06/2021,2063,02/06/2021
AMS_2063,03/29/2021 14:55:08,PDF,/filerepo/sites/default/files/2063/2021-03-21/432532/ams_2063_00091.pdf,03/21/2021 - 03/27/2021,2063,03/27/2021
AMS_2063,03/22/2021 12:02:52,PDF,/filerepo/sites/default/files/2063/2021-03-14/429959/ams_2063_00090.pdf,03/14/2021 - 03/20/2021,2063,03/20/2021
AMS_2063,03/15/2021 12:20:37,PDF,/filerepo/sites/default/files/2063/2021-03-07/427584/ams_2063_00089.pdf,03/07/2021 - 03/13/2021,2063,03/13/2021
AMS_2063,03/08/2021 12:08:09,PDF,/filerepo/sites/default/files/2063/2021-02-28/425119/ams_2063_00088.pdf,02/28/2021 - 03/06/2021,2063,03/06/2021
AMS_2063,04/26/2021 12:27:11,PDF,/filerepo/sites/default/files/2063/2021-04-18/442005/ams_2063_00095.pdf,04/18/2021 - 04/24/2021,2063,04/24/2021
AMS_2063,04/19/2021 12:44:26,PDF,/filerepo/sites/default/files/2063/2021-04-11/439640/ams_2063_00094.pdf,04/11/2021 - 04/17/2021,2063,04/17/2021
AMS_2063,04/12/2021 12:52:31,PDF,/filerepo/sites/default/files/2063/2021-04-04/437216/ams_2063_00093.pdf,04/04/2021 - 04/10/2021,2063,04/10/2021
AMS_2063,04/05/2021 12:49:56,PDF,/filerepo/sites/default/files/2063/2021-03-28/434812/ams_2063_00092.pdf,03/28/2021 - 04/03/2021,2063,04/03/2021
AMS_2063,06/01/2021 12:02:04,PDF,/filerepo/sites/default/files/2063/2021-05-23/454158/ams_2063_00100.pdf,05/23/2021 - 05/29/2021,2063,05/29/2021
AMS_2063,05/24/2021 12:05:07,PDF,/filerepo/sites/default/files/2063/2021-05-16/451652/ams_2063_00099.pdf,05/16/2021 - 05/22/2021,2063,05/22/2021
AMS_2063,05/17/2021 13:23:52,PDF,/filerepo/sites/default/files/2063/2021-05-09/449244/ams_2063_00098.pdf,05/09/2021 - 05/15/2021,2063,05/15/2021
AMS_2063,05/10/2021 12:44:35,PDF,/filerepo/sites/default/files/2063/2021-05-02/446871/ams_2063_00097.pdf,05/02/2021 - 05/08/2021,2063,05/08/2021
AMS_2063,05/03/2021 12:24:11,PDF,/filerepo/sites/default/files/2063/2021-04-25/444429/ams_2063_00096.pdf,04/25/2021 - 05/01/2021,2063,05/01/2021
AMS_2063,06/28/2021 12:41:15,PDF,/filerepo/sites/default/files/2063/2021-06-20/463409/ams_2063_00104.pdf,06/20/2021 - 06/26/2021,2063,06/26/2021
AMS_2063,06/21/2021 12:46:47,PDF,/filerepo/sites/default/files/2063/2021-06-13/461028/ams_2063_00103.pdf,06/13/2021 - 06/19/2021,2063,06/19/2021
AMS_2063,06/14/2021 12:16:28,PDF,/filerepo/sites/default/files/2063/2021-06-06/458607/ams_2063_00102.pdf,06/06/2021 - 06/12/2021,2063,06/12/2021
AMS_2063,06/07/2021 12:39:44,PDF,/filerepo/sites/default/files/2063/2021-05-30/456222/ams_2063_00101.pdf,05/30/2021 - 06/05/2021,2063,06/05/2021
AMS_2063,08/02/2021 12:17:20,PDF,/filerepo/sites/default/files/2063/2021-07-25/486880/ams_2063_00109.pdf,07/25/2021 - 07/31/2021,2063,07/31/2021
AMS_2063,07/26/2021 13:19:23,PDF,/filerepo/sites/default/files/2063/2021-07-18/484491/ams_2063_00108.pdf,07/18/2021 - 07/24/2021,2063,07/24/2021
AMS_2063,07/19/2021 11:58:54,PDF,/filerepo/sites/default/files/2063/2021-07-11/481841/ams_2063_00107.pdf,07/11/2021 - 07/17/2021,2063,07/17/2021
AMS_2063,07/12/2021 13:49:21,PDF,/filerepo/sites/default/files/2063/2021-07-04/468489/ams_2063_00106.pdf,07/04/2021 - 07/10/2021,2063,07/10/2021
AMS_2063,07/06/2021 12:13:47,PDF,/filerepo/sites/default/files/2063/2021-06-27/465763/ams_2063_00105.pdf,06/27/2021 - 07/03/2021,2063,07/03/2021
AMS_2063,08/30/2021 12:13:08,PDF,/filerepo/sites/default/files/2063/2021-08-22/499503/ams_2063_00113.pdf,08/22/2021 - 08/28/2021,2063,08/28/2021
AMS_2063,08/23/2021 12:01:40,PDF,/filerepo/sites/default/files/2063/2021-08-15/497046/ams_2063_00112.pdf,08/15/2021 - 08/21/2021,2063,08/21/2021
AMS_2063,08/16/2021 12:11:04,PDF,/filerepo/sites/default/files/2063/2021-08-08/493378/ams_2063_00111.pdf,08/08/2021 - 08/14/2021,2063,08/14/2021
AMS_2063,08/09/2021 12:51:43,PDF,/filerepo/sites/default/files/2063/2021-08-01/489408/ams_2063_00110.pdf,08/01/2021 - 08/07/2021,2063,08/07/2021
AMS_2063,09/27/2021 12:11:54,PDF,/filerepo/sites/default/files/2063/2021-09-19/509095/ams_2063_00117.pdf,09/19/2021 - 09/25/2021,2063,09/25/2021
AMS_2063,09/20/2021 11:54:44,PDF,/filerepo/sites/default/files/2063/2021-09-12/506661/ams_2063_00116.pdf,09/12/2021 - 09/18/2021,2063,09/18/2021
AMS_2063,09/13/2021 13:37:51,PDF,/filerepo/sites/default/files/2063/2021-09-05/504282/ams_2063_00115.pdf,09/05/2021 - 09/11/2021,2063,09/11/2021
AMS_2063,09/07/2021 16:53:10,PDF,/filerepo/sites/default/files/2063/2021-08-29/502449/ams_2063_00114_01.pdf,08/29/2021 - 09/04/2021,2063,09/04/2021
AMS_2063,11/01/2021 11:15:30,PDF,/filerepo/sites/default/files/2063/2021-10-24/521037/ams_2063_00122.pdf,10/24/2021 - 10/30/2021,2063,10/30/2021
AMS_2063,10/25/2021 12:45:17,PDF,/filerepo/sites/default/files/2063/2021-10-17/518620/ams_2063_00121.pdf,10/17/2021 - 10/23/2021,2063,10/23/2021
AMS_2063,10/18/2021 14:19:31,PDF,/filerepo/sites/default/files/2063/2021-10-10/516249/ams_2063_00120.pdf,10/10/2021 - 10/16/2021,2063,10/16/2021
AMS_2063,10/12/2021 12:22:52,PDF,/filerepo/sites/default/files/2063/2021-10-03/514198/ams_2063_00119.pdf,10/03/2021 - 10/09/2021,2063,10/09/2021
AMS_2063,10/04/2021 12:07:08,PDF,/filerepo/sites/default/files/2063/2021-09-26/511542/ams_2063_00118.pdf,09/26/2021 - 10/02/2021,2063,10/02/2021
AMS_2063,11/22/2021 11:59:05,PDF,/filerepo/sites/default/files/2063/2021-11-14/528742/ams_2063_00125.pdf,11/14/2021 - 11/20/2021,2063,11/20/2021
AMS_2063,11/15/2021 12:20:21,PDF,/filerepo/sites/default/files/2063/2021-11-07/526266/ams_2063_00124.pdf,11/07/2021 - 11/13/2021,2063,11/13/2021
AMS_2063,11/08/2021 12:33:43,PDF,/filerepo/sites/default/files/2063/2021-10-31/523640/ams_2063_00123.pdf,10/31/2021 - 11/06/2021,2063,11/06/2021
AMS_2063,12/20/2021 12:15:55,PDF,/filerepo/sites/default/files/2063/2021-12-12/538091/ams_2063_00128.pdf,12/12/2021 - 12/18/2021,2063,12/18/2021
AMS_2063,12/13/2021 12:54:37,PDF,/filerepo/sites/default/files/2063/2021-12-05/535606/ams_2063_00127.pdf,12/05/2021 - 12/11/2021,2063,12/11/2021
AMS_2063,12/06/2021 12:26:15,PDF,/filerepo/sites/default/files/2063/2021-11-28/533062/ams_2063_00126.pdf,11/28/2021 - 12/04/2021,2063,12/04/2021
AMS_2063,01/31/2022 11:56:44,PDF,/filerepo/sites/default/files/2063/2022-01-23/551039/ams_2063_00132.pdf,01/23/2022 - 01/29/2022,2063,01/29/2022
AMS_2063,01/24/2022 11:56:08,PDF,/filerepo/sites/default/files/2063/2022-01-16/548613/ams_2063_00131.pdf,01/16/2022 - 01/22/2022,2063,01/22/2022
AMS_2063,01/18/2022 12:05:13,PDF,/filerepo/sites/default/files/2063/2022-01-09/546712/ams_2063_00130.pdf,01/09/2022 - 01/15/2022,2063,01/15/2022
AMS_2063,01/10/2022 12:19:46,PDF,/filerepo/sites/default/files/2063/2022-01-02/544122/ams_2063_00129.pdf,01/02/2022 - 01/08/2022,2063,01/08/2022
AMS_2063,02/28/2022 20:04:34,PDF,/filerepo/sites/default/files/2063/2022-02-20/560999/ams_2063_00136_01.pdf,02/20/2022 - 02/26/2022,2063,02/26/2022
AMS_2063,02/22/2022 11:51:43,PDF,/filerepo/sites/default/files/2063/2022-02-13/558615/ams_2063_00135.pdf,02/13/2022 - 02/19/2022,2063,02/19/2022
AMS_2063,02/14/2022 12:13:49,PDF,/filerepo/sites/default/files/2063/2022-02-06/556008/ams_2063_00134.pdf,02/06/2022 - 02/12/2022,2063,02/12/2022
AMS_2063,02/07/2022 11:48:37,PDF,/filerepo/sites/default/files/2063/2022-01-30/553569/ams_2063_00133.pdf,01/30/2022 - 02/05/2022,2063,02/05/2022
AMS_2063,03/28/2022 11:55:32,PDF,/filerepo/sites/default/files/2063/2022-03-20/571135/ams_2063_00140.pdf,03/20/2022 - 03/26/2022,2063,03/26/2022
AMS_2063,03/21/2022 12:00:39,PDF,/filerepo/sites/default/files/2063/2022-03-13/568259/ams_2063_00139.pdf,03/13/2022 - 03/19/2022,2063,03/19/2022
AMS_2063,03/14/2022 11:42:17,PDF,/filerepo/sites/default/files/2063/2022-03-06/565812/ams_2063_00138.pdf,03/06/2022 - 03/12/2022,2063,03/12/2022
AMS_2063,03/07/2022 11:57:07,PDF,/filerepo/sites/default/files/2063/2022-02-27/563202/ams_2063_00137.pdf,02/27/2022 - 03/05/2022,2063,03/05/2022
AMS_2063,05/02/2022 12:53:38,PDF,/filerepo/sites/default/files/2063/2022-04-24/585381/ams_2063_00145.pdf,04/24/2022 - 04/30/2022,2063,04/30/2022
AMS_2063,04/25/2022 12:29:25,PDF,/filerepo/sites/default/files/2063/2022-04-17/582987/ams_2063_00144.pdf,04/17/2022 - 04/23/2022,2063,04/23/2022
AMS_2063,04/18/2022 15:34:33,PDF,/filerepo/sites/default/files/2063/2022-04-10/580753/ams_2063_00143.pdf,04/10/2022 - 04/16/2022,2063,04/16/2022
AMS_2063,04/11/2022 12:51:58,PDF,/filerepo/sites/default/files/2063/2022-04-03/577272/ams_2063_00142.pdf,04/03/2022 - 04/09/2022,2063,04/09/2022
AMS_2063,04/04/2022 11:58:03,PDF,/filerepo/sites/default/files/2063/2022-03-27/573628/ams_2063_00141.pdf,03/27/2022 - 04/02/2022,2063,04/02/2022
AMS_2063,05/31/2022 12:09:03,PDF,/filerepo/sites/default/files/2063/2022-05-22/594976/ams_2063_00149.pdf,05/22/2022 - 05/28/2022,2063,05/28/2022
AMS_2063,05/23/2022 11:10:07,PDF,/filerepo/sites/default/files/2063/2022-05-15/592540/ams_2063_00148.pdf,05/15/2022 - 05/21/2022,2063,05/21/2022
AMS_2063,05/16/2022 11:56:31,PDF,/filerepo/sites/default/files/2063/2022-05-08/590212/ams_2063_00147.pdf,05/08/2022 - 05/14/2022,2063,05/14/2022
AMS_2063,05/09/2022 12:42:48,PDF,/filerepo/sites/default/files/2063/2022-05-01/587775/ams_2063_00146.pdf,05/01/2022 - 05/07/2022,2063,05/07/2022
AMS_2063,06/27/2022 12:13:46,PDF,/filerepo/sites/default/files/2063/2022-06-19/603778/ams_2063_00153.pdf,06/19/2022 - 06/25/2022,2063,06/25/2022
AMS_2063,06/21/2022 13:28:33,PDF,/filerepo/sites/default/files/2063/2022-06-12/601901/ams_2063_00152.pdf,06/12/2022 - 06/18/2022,2063,06/18/2022
AMS_2063,06/13/2022 12:39:59,PDF,/filerepo/sites/default/files/2063/2022-06-05/599312/ams_2063_00151.pdf,06/05/2022 - 06/11/2022,2063,06/11/2022
AMS_2063,06/06/2022 12:15:08,PDF,/filerepo/sites/default/files/2063/2022-05-29/596941/ams_2063_00150.pdf,05/29/2022 - 06/04/2022,2063,06/04/2022
AMS_2063,08/01/2022 12:30:54,PDF,/filerepo/sites/default/files/2063/2022-07-24/615229/ams_2063_00158.pdf,07/24/2022 - 07/30/2022,2063,07/30/2022
AMS_2063,07/25/2022 12:05:41,PDF,/filerepo/sites/default/files/2063/2022-07-17/612853/ams_2063_00157.pdf,07/17/2022 - 07/23/2022,2063,07/23/2022
AMS_2063,07/18/2022 11:48:04,PDF,/filerepo/sites/default/files/2063/2022-07-10/610525/ams_2063_00156.pdf,07/10/2022 - 07/16/2022,2063,07/16/2022
AMS_2063,07/11/2022 11:57:56,PDF,/filerepo/sites/default/files/2063/2022-07-03/608142/ams_2063_00155.pdf,07/03/2022 - 07/09/2022,2063,07/09/2022
AMS_2063,07/05/2022 12:41:46,PDF,/filerepo/sites/default/files/2063/2022-06-26/606275/ams_2063_00154.pdf,06/26/2022 - 07/02/2022,2063,07/02/2022
AMS_2063,08/29/2022 12:03:08,PDF,/filerepo/sites/default/files/2063/2022-08-21/624670/ams_2063_00162.pdf,08/21/2022 - 08/27/2022,2063,08/27/2022
AMS_2063,08/22/2022 12:10:50,PDF,/filerepo/sites/default/files/2063/2022-08-14/622345/ams_2063_00161.pdf,08/14/2022 - 08/20/2022,2063,08/20/2022
AMS_2063,08/15/2022 11:56:02,PDF,/filerepo/sites/default/files/2063/2022-08-07/620016/ams_2063_00160.pdf,08/07/2022 - 08/13/2022,2063,08/13/2022
AMS_2063,08/08/2022 16:42:40,PDF,/filerepo/sites/default/files/2063/2022-07-31/617811/ams_2063_00159.pdf,07/31/2022 - 08/06/2022,2063,08/06/2022
AMS_2063,09/26/2022 12:24:09,PDF,/filerepo/sites/default/files/2063/2022-09-18/633665/ams_2063_00166.pdf,09/18/2022 - 09/24/2022,2063,09/24/2022
AMS_2063,09/19/2022 14:29:19,PDF,/filerepo/sites/default/files/2063/2022-09-11/631416/ams_2063_00165.pdf,09/11/2022 - 09/17/2022,2063,09/17/2022
AMS_2063,09/12/2022 12:18:53,PDF,/filerepo/sites/default/files/2063/2022-09-04/629059/ams_2063_00164.pdf,09/04/2022 - 09/10/2022,2063,09/10/2022
AMS_2063,09/06/2022 11:47:33,PDF,/filerepo/sites/default/files/2063/2022-08-28/627088/ams_2063_00163.pdf,08/28/2022 - 09/03/2022,2063,09/03/2022
AMS_2063,10/31/2022 11:59:37,PDF,/filerepo/sites/default/files/2063/2022-10-23/645133/ams_2063_00171.pdf,10/23/2022 - 10/29/2022,2063,10/29/2022
AMS_2063,10/24/2022 12:36:51,PDF,/filerepo/sites/default/files/2063/2022-10-16/642790/ams_2063_00170.pdf,10/16/2022 - 10/22/2022,2063,10/22/2022
AMS_2063,10/17/2022 12:17:21,PDF,/filerepo/sites/default/files/2063/2022-10-09/640466/ams_2063_00169.pdf,10/09/2022 - 10/15/2022,2063,10/15/2022
AMS_2063,10/11/2022 11:59:04,PDF,/filerepo/sites/default/files/2063/2022-10-02/638575/ams_2063_00168.pdf,10/02/2022 - 10/08/2022,2063,10/08/2022
AMS_2063,10/03/2022 12:12:09,PDF,/filerepo/sites/default/files/2063/2022-09-25/635946/ams_2063_00167.pdf,09/25/2022 - 10/01/2022,2063,10/01/2022
AMS_2063,11/28/2022 11:52:37,PDF,/filerepo/sites/default/files/2063/2022-11-20/653764/ams_2063_00175.pdf,11/20/2022 - 11/26/2022,2063,11/26/2022
AMS_2063,11/21/2022 12:01:41,PDF,/filerepo/sites/default/files/2063/2022-11-13/652082/ams_2063_00174.pdf,11/13/2022 - 11/19/2022,2063,11/19/2022
AMS_2063,11/14/2022 12:31:59,PDF,/filerepo/sites/default/files/2063/2022-11-06/649660/ams_2063_00173.pdf,11/06/2022 - 11/12/2022,2063,11/12/2022
AMS_2063,11/07/2022 13:40:25,PDF,/filerepo/sites/default/files/2063/2022-10-30/647517/ams_2063_00172.pdf,10/30/2022 - 11/05/2022,2063,11/05/2022
AMS_2063,12/19/2022 13:00:48,PDF,/filerepo/sites/default/files/2063/2022-12-11/660930/ams_2063_00178.pdf,12/11/2022 - 12/17/2022,2063,12/17/2022
AMS_2063,12/12/2022 15:04:02,PDF,/filerepo/sites/default/files/2063/2022-12-04/658630/ams_2063_00177.pdf,12/04/2022 - 12/10/2022,2063,12/10/2022
AMS_2063,12/05/2022 11:53:19,PDF,/filerepo/sites/default/files/2063/2022-11-27/656161/ams_2063_00176.pdf,11/27/2022 - 12/03/2022,2063,12/03/2022
AMS_2063,01/30/2023 12:24:58,PDF,/filerepo/sites/default/files/2063/2023-01-22/674218/ams_2063_00182.pdf,01/22/2023 - 01/28/2023,2063,01/28/2023
AMS_2063,01/23/2023 12:12:03,PDF,/filerepo/sites/default/files/2063/2023-01-15/671392/ams_2063_00181.pdf,01/15/2023 - 01/21/2023,2063,01/21/2023
AMS_2063,01/17/2023 12:10:19,PDF,/filerepo/sites/default/files/2063/2023-01-08/669492/ams_2063_00180.pdf,01/08/2023 - 01/14/2023,2063,01/14/2023
AMS_2063,01/09/2023 12:08:00,PDF,/filerepo/sites/default/files/2063/2023-01-01/666870/ams_2063_00179.pdf,01/01/2023 - 01/07/2023,2063,01/07/2023
AMS_2063,02/27/2023 11:10:51,PDF,/filerepo/sites/default/files/2063/2023-02-19/683406/ams_2063_00186.pdf,02/19/2023 - 02/25/2023,2063,02/25/2023
AMS_2063,02/21/2023 12:04:53,PDF,/filerepo/sites/default/files/2063/2023-02-12/681516/ams_2063_00185.pdf,02/12/2023 - 02/18/2023,2063,02/18/2023
AMS_2063,02/13/2023 13:28:28,PDF,/filerepo/sites/default/files/2063/2023-02-05/678996/ams_2063_00184.pdf,02/05/2023 - 02/11/2023,2063,02/11/2023
AMS_2063,02/06/2023 13:00:15,PDF,/filerepo/sites/default/files/2063/2023-01-29/676654/ams_2063_00183.pdf,01/29/2023 - 02/04/2023,2063,02/04/2023
AMS_2063,03/27/2023 13:31:35,PDF,/filerepo/sites/default/files/2063/2023-03-19/692864/ams_2063_00190.pdf,03/19/2023 - 03/25/2023,2063,03/25/2023
AMS_2063,03/20/2023 11:29:50,PDF,/filerepo/sites/default/files/2063/2023-03-12/690494/ams_2063_00189.pdf,03/12/2023 - 03/18/2023,2063,03/18/2023
AMS_2063,03/13/2023 12:07:58,PDF,/filerepo/sites/default/files/2063/2023-03-05/688265/ams_2063_00188.pdf,03/05/2023 - 03/11/2023,2063,03/11/2023
AMS_2063,03/06/2023 13:20:17,PDF,/filerepo/sites/default/files/2063/2023-02-26/685771/ams_2063_00187.pdf,02/26/2023 - 03/04/2023,2063,03/04/2023
AMS_2063,05/01/2023 12:11:36,PDF,/filerepo/sites/default/files/2063/2023-04-23/704690/ams_2063_00195.pdf,04/23/2023 - 04/29/2023,2063,04/29/2023
AMS_2063,04/24/2023 12:07:36,PDF,/filerepo/sites/default/files/2063/2023-04-16/702391/ams_2063_00194.pdf,04/16/2023 - 04/22/2023,2063,04/22/2023
AMS_2063,04/17/2023 13:13:49,PDF,/filerepo/sites/default/files/2063/2023-04-09/700101/ams_2063_00193.pdf,04/09/2023 - 04/15/2023,2063,04/15/2023
AMS_2063,04/10/2023 13:07:42,PDF,/filerepo/sites/default/files/2063/2023-04-02/697537/ams_2063_00192.pdf,04/02/2023 - 04/08/2023,2063,04/08/2023
AMS_2063,04/03/2023 12:38:18,PDF,/filerepo/sites/default/files/2063/2023-03-26/695183/ams_2063_00191.pdf,03/26/2023 - 04/01/2023,2063,04/01/2023
AMS_2063,05/30/2023 12:37:06,PDF,/filerepo/sites/default/files/2063/2023-05-21/713884/ams_2063_00199.pdf,05/21/2023 - 05/27/2023,2063,05/27/2023
AMS_2063,05/22/2023 12:33:09,PDF,/filerepo/sites/default/files/2063/2023-05-14/711549/ams_2063_00198.pdf,05/14/2023 - 05/20/2023,2063,05/20/2023
AMS_2063,05/15/2023 12:00:43,PDF,/filerepo/sites/default/files/2063/2023-05-07/709290/ams_2063_00197.pdf,05/07/2023 - 05/13/2023,2063,05/13/2023
AMS_2063,05/08/2023 12:43:00,PDF,/filerepo/sites/default/files/2063/2023-04-30/706995/ams_2063_00196.pdf,04/30/2023 - 05/06/2023,2063,05/06/2023
AMS_2063,06/26/2023 13:25:46,PDF,/filerepo/sites/default/files/2063/2023-06-18/722634/ams_2063_00203.pdf,06/18/2023 - 06/24/2023,2063,06/24/2023
AMS_2063,06/20/2023 13:21:11,PDF,/filerepo/sites/default/files/2063/2023-06-11/720742/ams_2063_00202.pdf,06/11/2023 - 06/17/2023,2063,06/17/2023
AMS_2063,06/12/2023 13:14:44,PDF,/filerepo/sites/default/files/2063/2023-06-04/718188/ams_2063_00201.pdf,06/04/2023 - 06/10/2023,2063,06/10/2023
AMS_2063,06/05/2023 12:08:39,PDF,/filerepo/sites/default/files/2063/2023-05-28/715786/ams_2063_00200.pdf,05/28/2023 - 06/03/2023,2063,06/03/2023
AMS_2063,07/31/2023 13:40:28,PDF,/filerepo/sites/default/files/2063/2023-07-23/733813/ams_2063_00208.pdf,07/23/2023 - 07/29/2023,2063,07/29/2023
AMS_2063,07/24/2023 13:55:45,PDF,/filerepo/sites/default/files/2063/2023-07-16/731486/ams_2063_00207_01.pdf,07/16/2023 - 07/22/2023,2063,07/22/2023
AMS_2063,07/17/2023 13:35:22,PDF,/filerepo/sites/default/files/2063/2023-07-09/729093/ams_2063_00206.pdf,07/09/2023 - 07/15/2023,2063,07/15/2023
AMS_2063,07/10/2023 13:25:34,PDF,/filerepo/sites/default/files/2063/2023-07-02/726772/ams_2063_00205.pdf,07/02/2023 - 07/08/2023,2063,07/08/2023
AMS_2063,07/03/2023 13:31:27,PDF,/filerepo/sites/default/files/2063/2023-06-25/724938/ams_2063_00204.pdf,06/25/2023 - 07/01/2023,2063,07/01/2023
AMS_2063,08/28/2023 13:01:13,PDF,/filerepo/sites/default/files/2063/2023-08-20/743126/ams_2063_00212.pdf,08/20/2023 - 08/26/2023,2063,08/26/2023
AMS_2063,08/21/2023 12:30:39,PDF,/filerepo/sites/default/files/2063/2023-08-13/740827/ams_2063_00211.pdf,08/13/2023 - 08/19/2023,2063,08/19/2023
AMS_2063,08/14/2023 12:37:07,PDF,/filerepo/sites/default/files/2063/2023-08-06/738496/ams_2063_00210.pdf,08/06/2023 - 08/12/2023,2063,08/12/2023
AMS_2063,08/07/2023 13:14:23,PDF,/filerepo/sites/default/files/2063/2023-07-30/736206/ams_2063_00209.pdf,07/30/2023 - 08/05/2023,2063,08/05/2023
AMS_2063,10/02/2023 14:59:57,PDF,/filerepo/sites/default/files/2063/2023-09-24/754633/ams_2063_00217.pdf,09/24/2023 - 09/30/2023,2063,09/30/2023
AMS_2063,09/25/2023 13:29:23,PDF,/filerepo/sites/default/files/2063/2023-09-17/752143/ams_2063_00216.pdf,09/17/2023 - 09/23/2023,2063,09/23/2023
AMS_2063,09/18/2023 12:21:30,PDF,/filerepo/sites/default/files/2063/2023-09-10/749791/ams_2063_00215.pdf,09/10/2023 - 09/16/2023,2063,09/16/2023
AMS_2063,09/11/2023 13:24:41,PDF,/filerepo/sites/default/files/2063/2023-09-03/747512/ams_2063_00214.pdf,09/03/2023 - 09/09/2023,2063,09/09/2023
AMS_2063,09/05/2023 12:39:32,PDF,/filerepo/sites/default/files/2063/2023-08-27/745507/ams_2063_00213.pdf,08/27/2023 - 09/02/2023,2063,09/02/2023
AMS_2063,11/21/2023 18:30:04,PDF,/filerepo/sites/default/files/2063/2023-10-22/775202/ams_2063_00221_01.pdf,10/22/2023 - 10/28/2023,2063,10/28/2023
AMS_2063,10/23/2023 13:41:56,PDF,/filerepo/sites/default/files/2063/2023-10-15/761478/ams_2063_00220.pdf,10/15/2023 - 10/21/2023,2063,10/21/2023
AMS_2063,10/16/2023 13:50:26,PDF,/filerepo/sites/default/files/2063/2023-10-08/759151/ams_2063_00219.pdf,10/08/2023 - 10/14/2023,2063,10/14/2023
AMS_2063,10/10/2023 13:08:02,PDF,/filerepo/sites/default/files/2063/2023-10-01/757190/ams_2063_00218.pdf,10/01/2023 - 10/07/2023,2063,10/07/2023
AMS_2063,11/27/2023 16:03:53,PDF,/filerepo/sites/default/files/2063/2023-11-19/776466/ams_2063_00225.pdf,11/19/2023 - 11/25/2023,2063,11/25/2023
AMS_2063,12/18/2023 12:23:07,PDF,/filerepo/sites/default/files/2063/2023-11-12/784168/ams_2063_00224_03.pdf,11/12/2023 - 11/18/2023,2063,11/18/2023
AMS_2063,11/13/2023 14:43:54,PDF,/filerepo/sites/default/files/2063/2023-11-05/769820/ams_2063_00223.pdf,11/05/2023 - 11/11/2023,2063,11/11/2023
AMS_2063,11/06/2023 12:22:20,PDF,/filerepo/sites/default/files/2063/2023-10-29/766307/ams_2063_00222.pdf,10/29/2023 - 11/04/2023,2063,11/04/2023
AMS_2063,12/26/2023 13:34:14,PDF,/filerepo/sites/default/files/2063/2023-12-17/786511/ams_2063_00229.pdf,12/17/2023 - 12/23/2023,2063,12/23/2023
AMS_2063,12/18/2023 12:18:43,PDF,/filerepo/sites/default/files/2063/2023-12-10/784166/ams_2063_00228.pdf,12/10/2023 - 12/16/2023,2063,12/16/2023
AMS_2063,12/11/2023 15:20:50,PDF,/filerepo/sites/default/files/2063/2023-12-03/781873/ams_2063_00227.pdf,12/03/2023 - 12/09/2023,2063,12/09/2023
AMS_2063,12/04/2023 18:40:35,PDF,/filerepo/sites/default/files/2063/2023-11-26/779644/ams_2063_00226_01.pdf,11/26/2023 - 12/02/2023,2063,12/02/2023
AMS_2063,01/29/2024 13:38:12,PDF,/filerepo/sites/default/files/2063/2024-01-21/797635/ams_2063_00232.pdf,01/21/2024 - 01/27/2024,2063,01/27/2024
AMS_2063,01/16/2024 15:11:51,PDF,/filerepo/sites/default/files/2063/2024-01-07/793435/ams_2063_00231.pdf,01/07/2024 - 01/13/2024,2063,01/13/2024
AMS_2063,01/08/2024 13:39:46,PDF,/filerepo/sites/default/files/2063/2023-12-31/790874/ams_2063_00230.pdf,12/31/2023 - 01/06/2024,2063,01/06/2024
AMS_2063,02/26/2024 14:55:01,PDF,/filerepo/sites/default/files/2063/2024-02-18/806103/ams_2063_00236.pdf,02/18/2024 - 02/24/2024,2063,02/24/2024
AMS_2063,02/20/2024 13:16:17,PDF,/filerepo/sites/default/files/2063/2024-02-11/804299/ams_2063_00235.pdf,02/11/2024 - 02/17/2024,2063,02/17/2024
AMS_2063,02/26/2024 14:43:00,PDF,/filerepo/sites/default/files/2063/2024-02-04/806095/ams_2063_00234_01.pdf,02/04/2024 - 02/10/2024,2063,02/10/2024
AMS_2063,02/05/2024 14:18:28,PDF,/filerepo/sites/default/files/2063/2024-01-28/799829/ams_2063_00233.pdf,01/28/2024 - 02/03/2024,2063,02/03/2024
AMS_2063,03/11/2024 12:59:25,PDF,/filerepo/sites/default/files/2063/2024-03-03/810318/ams_2063_00238.pdf,03/03/2024 - 03/09/2024,2063,03/09/2024
AMS_2063,03/04/2024 11:53:53,PDF,/filerepo/sites/default/files/2063/2024-02-25/808167/ams_2063_00237.pdf,02/25/2024 - 03/02/2024,2063,03/02/2024
